Seq_0_LinJ.01,,,,,,,,,,,,,
Seq_1_LinJ.01,,,,,,,,,,,,,
Seq_2_LinJ.01,,,,,,,,,,,,,
Seq_3_LinJ.02,,,,,,,,,,,,,
Seq_4_LinJ.02,,,,,,,,,,,,,
Seq_5_LinJ.02,,,,,,,,,,,,,
Seq_6_LinJ.03,,,,,,,,,,,,,
Seq_7_LinJ.04,,,,,,,,,,,,,
Seq_8_LinJ.04,,,,,,,,,,,,,
Seq_9_LinJ.04,,,,,,,,,,,,,
Seq_10_LinJ.04,Seq_11_LinJ.04,Seq_12_LinJ.04,Seq_13_LinJ.04,Seq_14_LinJ.04,Seq_15_LinJ.04,,,,,,,,
Seq_16_LinJ.04,,,,,,,,,,,,,
Seq_17_LinJ.05,,,,,,,,,,,,,
Seq_18_LinJ.05,,,,,,,,,,,,,
Seq_19_LinJ.05,Seq_21_LinJ.05,,,,,,,,,,,,
Seq_20_LinJ.05,,,,,,,,,,,,,
Seq_22_LinJ.05,,,,,,,,,,,,,
Seq_23_LinJ.05,Seq_24_LinJ.05,,,,,,,,,,,,
Seq_25_LinJ.05,,,,,,,,,,,,,
Seq_26_LinJ.05,Seq_181_LinJ.17,,,,,,,,,,,,
Seq_27_LinJ.06,,,,,,,,,,,,,
Seq_28_LinJ.06,,,,,,,,,,,,,
Seq_29_LinJ.06,,,,,,,,,,,,,
Seq_30_LinJ.06,,,,,,,,,,,,,
Seq_31_LinJ.06,,,,,,,,,,,,,
Seq_32_LinJ.07,,,,,,,,,,,,,
Seq_33_LinJ.07,,,,,,,,,,,,,
Seq_34_LinJ.07,Seq_36_LinJ.07,Seq_37_LinJ.07,,,,,,,,,,,
Seq_35_LinJ.07,Seq_38_LinJ.07,,,,,,,,,,,,
Seq_39_LinJ.07,,,,,,,,,,,,,
Seq_40_LinJ.07,,,,,,,,,,,,,
Seq_41_LinJ.07,,,,,,,,,,,,,
Seq_42_LinJ.07,,,,,,,,,,,,,
Seq_43_LinJ.07,,,,,,,,,,,,,
Seq_44_LinJ.08,,,,,,,,,,,,,
Seq_45_LinJ.08,,,,,,,,,,,,,
Seq_46_LinJ.08,,,,,,,,,,,,,
Seq_47_LinJ.08,,,,,,,,,,,,,
Seq_48_LinJ.08,Seq_51_LinJ.08,Seq_54_LinJ.08,Seq_56_LinJ.08,,,,,,,,,,
Seq_49_LinJ.08,Seq_50_LinJ.08,Seq_52_LinJ.08,Seq_53_LinJ.08,Seq_55_LinJ.08,Seq_57_LinJ.08,Seq_585_LinJ.34,Seq_58_LinJ.08,Seq_591_LinJ.34,Seq_597_LinJ.34,Seq_602_LinJ.34,Seq_605_LinJ.34,Seq_610_LinJ.34,
Seq_59_LinJ.08,,,,,,,,,,,,,
Seq_60_LinJ.08,,,,,,,,,,,,,
Seq_61_LinJ.08,Seq_64_LinJ.08,Seq_69_LinJ.08,Seq_73_LinJ.08,Seq_76_LinJ.08,,,,,,,,,
Seq_62_LinJ.08,Seq_67_LinJ.08,Seq_71_LinJ.08,Seq_74_LinJ.08,,,,,,,,,,
Seq_63_LinJ.08,Seq_68_LinJ.08,Seq_72_LinJ.08,Seq_75_LinJ.08,,,,,,,,,,
Seq_65_LinJ.08,Seq_70_LinJ.08,,,,,,,,,,,,
Seq_66_LinJ.08,,,,,,,,,,,,,
Seq_77_LinJ.08,,,,,,,,,,,,,
Seq_78_LinJ.08,,,,,,,,,,,,,
Seq_79_LinJ.08,,,,,,,,,,,,,
Seq_80_LinJ.08,Seq_94_LinJ.10,Seq_475_LinJ.32,,,,,,,,,,,
Seq_81_LinJ.09,,,,,,,,,,,,,
Seq_82_LinJ.09,Seq_83_LinJ.09,Seq_84_LinJ.09,Seq_85_LinJ.09,,,,,,,,,,
Seq_86_LinJ.09,,,,,,,,,,,,,
Seq_87_LinJ.09,Seq_89_LinJ.09,,,,,,,,,,,,
Seq_88_LinJ.09,Seq_90_LinJ.09,,,,,,,,,,,,
Seq_91_LinJ.09,,,,,,,,,,,,,
Seq_92_LinJ.09,,,,,,,,,,,,,
Seq_93_LinJ.09,,,,,,,,,,,,,
Seq_95_LinJ.10,,,,,,,,,,,,,
Seq_96_LinJ.10,,,,,,,,,,,,,
Seq_97_LinJ.10,,,,,,,,,,,,,
Seq_98_LinJ.10,,,,,,,,,,,,,
Seq_99_LinJ.10,,,,,,,,,,,,,
Seq_100_LinJ.10,,,,,,,,,,,,,
Seq_101_LinJ.10,,,,,,,,,,,,,
Seq_102_LinJ.10,,,,,,,,,,,,,
Seq_103_LinJ.11,,,,,,,,,,,,,
Seq_104_LinJ.11,,,,,,,,,,,,,
Seq_105_LinJ.11,,,,,,,,,,,,,
Seq_106_LinJ.12,,,,,,,,,,,,,
Seq_107_LinJ.12,,,,,,,,,,,,,
Seq_108_LinJ.12,,,,,,,,,,,,,
Seq_109_LinJ.12,Seq_111_LinJ.12,,,,,,,,,,,,
Seq_110_LinJ.12,Seq_112_LinJ.12,,,,,,,,,,,,
Seq_113_LinJ.12,,,,,,,,,,,,,
Seq_114_LinJ.12,Seq_116_LinJ.12,Seq_117_LinJ.12,Seq_118_LinJ.12,Seq_120_LinJ.12,Seq_121_LinJ.12,,,,,,,,
Seq_115_LinJ.12,,,,,,,,,,,,,
Seq_119_LinJ.12,,,,,,,,,,,,,
Seq_122_LinJ.12,,,,,,,,,,,,,
Seq_123_LinJ.12,,,,,,,,,,,,,
Seq_124_LinJ.12,,,,,,,,,,,,,
Seq_125_LinJ.12,Seq_130_LinJ.12,,,,,,,,,,,,
Seq_126_LinJ.12,Seq_128_LinJ.12,Seq_131_LinJ.12,,,,,,,,,,,
Seq_127_LinJ.12,,,,,,,,,,,,,
Seq_129_LinJ.12,,,,,,,,,,,,,
Seq_132_LinJ.13,,,,,,,,,,,,,
Seq_133_LinJ.13,,,,,,,,,,,,,
Seq_134_LinJ.13,,,,,,,,,,,,,
Seq_135_LinJ.13,,,,,,,,,,,,,
Seq_136_LinJ.13,,,,,,,,,,,,,
Seq_137_LinJ.14,,,,,,,,,,,,,
Seq_138_LinJ.14,,,,,,,,,,,,,
Seq_139_LinJ.14,Seq_140_LinJ.14,Seq_141_LinJ.14,Seq_142_LinJ.14,Seq_143_LinJ.14,Seq_145_LinJ.14,,,,,,,,
Seq_144_LinJ.14,,,,,,,,,,,,,
Seq_146_LinJ.14,,,,,,,,,,,,,
Seq_147_LinJ.14,,,,,,,,,,,,,
Seq_148_LinJ.14,,,,,,,,,,,,,
Seq_149_LinJ.14,,,,,,,,,,,,,
Seq_150_LinJ.14,Seq_416_LinJ.31,,,,,,,,,,,,
Seq_151_LinJ.15,,,,,,,,,,,,,
Seq_152_LinJ.15,,,,,,,,,,,,,
Seq_153_LinJ.15,,,,,,,,,,,,,
Seq_154_LinJ.15,,,,,,,,,,,,,
Seq_155_LinJ.15,Seq_157_LinJ.15,,,,,,,,,,,,
Seq_156_LinJ.15,,,,,,,,,,,,,
Seq_158_LinJ.15,,,,,,,,,,,,,
Seq_159_LinJ.15,,,,,,,,,,,,,
Seq_160_LinJ.15,,,,,,,,,,,,,
Seq_161_LinJ.15,,,,,,,,,,,,,
Seq_162_LinJ.15,,,,,,,,,,,,,
Seq_163_LinJ.15,,,,,,,,,,,,,
Seq_164_LinJ.15,,,,,,,,,,,,,
Seq_165_LinJ.16,,,,,,,,,,,,,
Seq_166_LinJ.16,,,,,,,,,,,,,
Seq_167_LinJ.16,,,,,,,,,,,,,
Seq_168_LinJ.16,,,,,,,,,,,,,
Seq_169_LinJ.16,,,,,,,,,,,,,
Seq_170_LinJ.16,,,,,,,,,,,,,
Seq_171_LinJ.16,,,,,,,,,,,,,
Seq_172_LinJ.16,Seq_173_LinJ.16,,,,,,,,,,,,
Seq_174_LinJ.16,,,,,,,,,,,,,
Seq_175_LinJ.16,,,,,,,,,,,,,
Seq_176_LinJ.16,,,,,,,,,,,,,
Seq_177_LinJ.16,,,,,,,,,,,,,
Seq_178_LinJ.16,,,,,,,,,,,,,
Seq_179_LinJ.17,Seq_193_LinJ.17,Seq_246_LinJ.21,Seq_349_LinJ.28,,,,,,,,,,
Seq_180_LinJ.17,,,,,,,,,,,,,
Seq_182_LinJ.17,,,,,,,,,,,,,
Seq_183_LinJ.17,,,,,,,,,,,,,
Seq_184_LinJ.17,,,,,,,,,,,,,
Seq_185_LinJ.17,,,,,,,,,,,,,
Seq_186_LinJ.17,,,,,,,,,,,,,
Seq_187_LinJ.17,,,,,,,,,,,,,
Seq_188_LinJ.17,,,,,,,,,,,,,
Seq_189_LinJ.17,,,,,,,,,,,,,
Seq_190_LinJ.17,Seq_191_LinJ.17,,,,,,,,,,,,
Seq_192_LinJ.17,,,,,,,,,,,,,
Seq_194_LinJ.18,,,,,,,,,,,,,
Seq_195_LinJ.18,,,,,,,,,,,,,
Seq_196_LinJ.18,,,,,,,,,,,,,
Seq_197_LinJ.18,,,,,,,,,,,,,
Seq_198_LinJ.18,,,,,,,,,,,,,
Seq_199_LinJ.18,,,,,,,,,,,,,
Seq_200_LinJ.18,,,,,,,,,,,,,
Seq_201_LinJ.18,,,,,,,,,,,,,
Seq_202_LinJ.18,,,,,,,,,,,,,
Seq_203_LinJ.19,,,,,,,,,,,,,
Seq_204_LinJ.19,Seq_206_LinJ.19,,,,,,,,,,,,
Seq_205_LinJ.19,Seq_207_LinJ.19,,,,,,,,,,,,
Seq_208_LinJ.19,,,,,,,,,,,,,
Seq_209_LinJ.19,,,,,,,,,,,,,
Seq_210_LinJ.19,Seq_211_LinJ.19,,,,,,,,,,,,
Seq_212_LinJ.19,,,,,,,,,,,,,
Seq_213_LinJ.19,,,,,,,,,,,,,
Seq_214_LinJ.19,,,,,,,,,,,,,
Seq_215_LinJ.19,Seq_217_LinJ.19,Seq_218_LinJ.19,,,,,,,,,,,
Seq_216_LinJ.19,,,,,,,,,,,,,
Seq_219_LinJ.19,Seq_220_LinJ.19,,,,,,,,,,,,
Seq_221_LinJ.19,,,,,,,,,,,,,
Seq_222_LinJ.20,,,,,,,,,,,,,
Seq_223_LinJ.20,,,,,,,,,,,,,
Seq_224_LinJ.20,,,,,,,,,,,,,
Seq_225_LinJ.20,,,,,,,,,,,,,
Seq_226_LinJ.20,,,,,,,,,,,,,
Seq_227_LinJ.20,,,,,,,,,,,,,
Seq_228_LinJ.20,,,,,,,,,,,,,
Seq_229_LinJ.20,,,,,,,,,,,,,
Seq_230_LinJ.20,,,,,,,,,,,,,
Seq_231_LinJ.20,,,,,,,,,,,,,
Seq_232_LinJ.21,,,,,,,,,,,,,
Seq_233_LinJ.21,,,,,,,,,,,,,
Seq_234_LinJ.21,,,,,,,,,,,,,
Seq_235_LinJ.21,,,,,,,,,,,,,
Seq_236_LinJ.21,,,,,,,,,,,,,
Seq_237_LinJ.21,,,,,,,,,,,,,
Seq_238_LinJ.21,,,,,,,,,,,,,
Seq_239_LinJ.21,,,,,,,,,,,,,
Seq_240_LinJ.21,,,,,,,,,,,,,
Seq_241_LinJ.21,,,,,,,,,,,,,
Seq_242_LinJ.21,,,,,,,,,,,,,
Seq_243_LinJ.21,,,,,,,,,,,,,
Seq_244_LinJ.21,,,,,,,,,,,,,
Seq_245_LinJ.21,,,,,,,,,,,,,
Seq_247_LinJ.22,,,,,,,,,,,,,
Seq_248_LinJ.22,,,,,,,,,,,,,
Seq_249_LinJ.22,,,,,,,,,,,,,
Seq_250_LinJ.22,,,,,,,,,,,,,
Seq_251_LinJ.22,,,,,,,,,,,,,
Seq_252_LinJ.22,,,,,,,,,,,,,
Seq_253_LinJ.22,,,,,,,,,,,,,
Seq_254_LinJ.22,,,,,,,,,,,,,
Seq_255_LinJ.22,Seq_256_LinJ.22,,,,,,,,,,,,
Seq_257_LinJ.22,,,,,,,,,,,,,
Seq_258_LinJ.23,,,,,,,,,,,,,
Seq_259_LinJ.23,,,,,,,,,,,,,
Seq_260_LinJ.23,Seq_261_LinJ.23,Seq_262_LinJ.23,,,,,,,,,,,
Seq_263_LinJ.23,,,,,,,,,,,,,
Seq_264_LinJ.23,Seq_265_LinJ.23,,,,,,,,,,,,
Seq_266_LinJ.23,,,,,,,,,,,,,
Seq_267_LinJ.23,Seq_268_LinJ.23,,,,,,,,,,,,
Seq_269_LinJ.23,,,,,,,,,,,,,
Seq_270_LinJ.23,,,,,,,,,,,,,
Seq_271_LinJ.23,,,,,,,,,,,,,
Seq_272_LinJ.23,,,,,,,,,,,,,
Seq_273_LinJ.23,,,,,,,,,,,,,
Seq_274_LinJ.24,Seq_280_LinJ.24,Seq_282_LinJ.24,,,,,,,,,,,
Seq_275_LinJ.24,,,,,,,,,,,,,
Seq_276_LinJ.24,,,,,,,,,,,,,
Seq_277_LinJ.24,,,,,,,,,,,,,
Seq_278_LinJ.24,,,,,,,,,,,,,
Seq_279_LinJ.24,,,,,,,,,,,,,
Seq_281_LinJ.24,,,,,,,,,,,,,
Seq_283_LinJ.24,,,,,,,,,,,,,
Seq_284_LinJ.24,,,,,,,,,,,,,
Seq_285_LinJ.24,,,,,,,,,,,,,
Seq_286_LinJ.24,,,,,,,,,,,,,
Seq_287_LinJ.24,,,,,,,,,,,,,
Seq_288_LinJ.25,Seq_521_LinJ.33,Seq_522_LinJ.33,,,,,,,,,,,
Seq_289_LinJ.25,Seq_291_LinJ.25,Seq_293_LinJ.25,,,,,,,,,,,
Seq_290_LinJ.25,Seq_294_LinJ.25,,,,,,,,,,,,
Seq_292_LinJ.25,Seq_295_LinJ.25,,,,,,,,,,,,
Seq_296_LinJ.25,,,,,,,,,,,,,
Seq_297_LinJ.25,,,,,,,,,,,,,
Seq_298_LinJ.25,,,,,,,,,,,,,
Seq_299_LinJ.25,,,,,,,,,,,,,
Seq_300_LinJ.25,,,,,,,,,,,,,
Seq_301_LinJ.25,,,,,,,,,,,,,
Seq_302_LinJ.25,,,,,,,,,,,,,
Seq_303_LinJ.25,,,,,,,,,,,,,
Seq_304_LinJ.26,,,,,,,,,,,,,
Seq_305_LinJ.26,,,,,,,,,,,,,
Seq_306_LinJ.26,,,,,,,,,,,,,
Seq_307_LinJ.26,,,,,,,,,,,,,
Seq_308_LinJ.26,,,,,,,,,,,,,
Seq_309_LinJ.26,,,,,,,,,,,,,
Seq_310_LinJ.26,Seq_317_LinJ.26,,,,,,,,,,,,
Seq_311_LinJ.26,,,,,,,,,,,,,
Seq_312_LinJ.26,Seq_314_LinJ.26,Seq_315_LinJ.26,,,,,,,,,,,
Seq_313_LinJ.26,,,,,,,,,,,,,
Seq_316_LinJ.26,,,,,,,,,,,,,
Seq_318_LinJ.26,,,,,,,,,,,,,
Seq_319_LinJ.26,,,,,,,,,,,,,
Seq_320_LinJ.26,,,,,,,,,,,,,
Seq_321_LinJ.26,Seq_322_LinJ.26,,,,,,,,,,,,
Seq_323_LinJ.26,,,,,,,,,,,,,
Seq_324_LinJ.26,,,,,,,,,,,,,
Seq_326_LinJ.27,,,,,,,,,,,,,
Seq_327_LinJ.27,Seq_328_LinJ.27,Seq_329_LinJ.27,Seq_330_LinJ.27,Seq_331_LinJ.27,Seq_332_LinJ.27,Seq_334_LinJ.27,,,,,,,
Seq_333_LinJ.27,,,,,,,,,,,,,
Seq_335_LinJ.27,Seq_336_LinJ.27,,,,,,,,,,,,
Seq_337_LinJ.27,,,,,,,,,,,,,
Seq_338_LinJ.27,,,,,,,,,,,,,
Seq_339_LinJ.27,,,,,,,,,,,,,
Seq_340_LinJ.27,,,,,,,,,,,,,
Seq_341_LinJ.27,,,,,,,,,,,,,
Seq_342_LinJ.27,,,,,,,,,,,,,
Seq_343_LinJ.28,,,,,,,,,,,,,
Seq_344_LinJ.28,,,,,,,,,,,,,
Seq_345_LinJ.28,,,,,,,,,,,,,
Seq_346_LinJ.28,,,,,,,,,,,,,
Seq_347_LinJ.28,,,,,,,,,,,,,
Seq_348_LinJ.28,,,,,,,,,,,,,
Seq_350_LinJ.29,,,,,,,,,,,,,
Seq_351_LinJ.29,,,,,,,,,,,,,
Seq_352_LinJ.29,Seq_354_LinJ.29,,,,,,,,,,,,
Seq_353_LinJ.29,Seq_355_LinJ.29,,,,,,,,,,,,
Seq_356_LinJ.29,Seq_358_LinJ.29,,,,,,,,,,,,
Seq_357_LinJ.29,,,,,,,,,,,,,
Seq_359_LinJ.29,Seq_374_LinJ.29,,,,,,,,,,,,
Seq_360_LinJ.29,,,,,,,,,,,,,
Seq_361_LinJ.29,Seq_364_LinJ.29,Seq_369_LinJ.29,Seq_372_LinJ.29,,,,,,,,,,
Seq_362_LinJ.29,Seq_367_LinJ.29,Seq_370_LinJ.29,Seq_373_LinJ.29,,,,,,,,,,
Seq_363_LinJ.29,Seq_368_LinJ.29,Seq_371_LinJ.29,,,,,,,,,,,
Seq_365_LinJ.29,,,,,,,,,,,,,
Seq_366_LinJ.29,,,,,,,,,,,,,
Seq_375_LinJ.29,,,,,,,,,,,,,
Seq_376_LinJ.29,,,,,,,,,,,,,
Seq_377_LinJ.29,Seq_378_LinJ.29,,,,,,,,,,,,
Seq_379_LinJ.29,,,,,,,,,,,,,
Seq_380_LinJ.29,,,,,,,,,,,,,
Seq_381_LinJ.29,,,,,,,,,,,,,
Seq_382_LinJ.29,,,,,,,,,,,,,
Seq_383_LinJ.29,,,,,,,,,,,,,
Seq_384_LinJ.29,,,,,,,,,,,,,
Seq_385_LinJ.29,,,,,,,,,,,,,
Seq_386_LinJ.29,,,,,,,,,,,,,
Seq_387_LinJ.29,,,,,,,,,,,,,
Seq_388_LinJ.29,Seq_390_LinJ.29,,,,,,,,,,,,
Seq_389_LinJ.29,,,,,,,,,,,,,
Seq_391_LinJ.30,,,,,,,,,,,,,
Seq_392_LinJ.30,Seq_507_LinJ.33,,,,,,,,,,,,
Seq_393_LinJ.30,,,,,,,,,,,,,
Seq_394_LinJ.30,,,,,,,,,,,,,
Seq_395_LinJ.30,Seq_396_LinJ.30,,,,,,,,,,,,
Seq_397_LinJ.30,,,,,,,,,,,,,
Seq_398_LinJ.30,Seq_400_LinJ.30,Seq_401_LinJ.30,Seq_402_LinJ.30,,,,,,,,,,
Seq_399_LinJ.30,,,,,,,,,,,,,
Seq_403_LinJ.30,,,,,,,,,,,,,
Seq_404_LinJ.30,,,,,,,,,,,,,
Seq_405_LinJ.30,,,,,,,,,,,,,
Seq_406_LinJ.30,,,,,,,,,,,,,
Seq_407_LinJ.30,,,,,,,,,,,,,
Seq_408_LinJ.30,,,,,,,,,,,,,
Seq_409_LinJ.30,,,,,,,,,,,,,
Seq_410_LinJ.30,,,,,,,,,,,,,
Seq_411_LinJ.30,,,,,,,,,,,,,
Seq_412_LinJ.30,,,,,,,,,,,,,
Seq_413_LinJ.30,,,,,,,,,,,,,
Seq_414_LinJ.30,,,,,,,,,,,,,
Seq_415_LinJ.30,,,,,,,,,,,,,
Seq_417_LinJ.31,Seq_418_LinJ.31,,,,,,,,,,,,
Seq_419_LinJ.31,,,,,,,,,,,,,
Seq_420_LinJ.31,,,,,,,,,,,,,
Seq_421_LinJ.31,,,,,,,,,,,,,
Seq_422_LinJ.31,,,,,,,,,,,,,
Seq_423_LinJ.31,,,,,,,,,,,,,
Seq_424_LinJ.31,,,,,,,,,,,,,
Seq_425_LinJ.31,,,,,,,,,,,,,
Seq_426_LinJ.31,,,,,,,,,,,,,
Seq_427_LinJ.31,,,,,,,,,,,,,
Seq_428_LinJ.31,,,,,,,,,,,,,
Seq_429_LinJ.31,,,,,,,,,,,,,
Seq_430_LinJ.31,Seq_431_LinJ.31,Seq_433_LinJ.31,Seq_435_LinJ.31,Seq_438_LinJ.31,Seq_441_LinJ.31,,,,,,,,
Seq_432_LinJ.31,,,,,,,,,,,,,
Seq_434_LinJ.31,,,,,,,,,,,,,
Seq_436_LinJ.31,Seq_440_LinJ.31,,,,,,,,,,,,
Seq_437_LinJ.31,Seq_439_LinJ.31,,,,,,,,,,,,
Seq_442_LinJ.31,,,,,,,,,,,,,
Seq_443_LinJ.31,,,,,,,,,,,,,
Seq_444_LinJ.31,,,,,,,,,,,,,
Seq_445_LinJ.31,,,,,,,,,,,,,
Seq_446_LinJ.31,,,,,,,,,,,,,
Seq_447_LinJ.31,Seq_450_LinJ.31,,,,,,,,,,,,
Seq_448_LinJ.31,,,,,,,,,,,,,
Seq_449_LinJ.31,,,,,,,,,,,,,
Seq_451_LinJ.31,,,,,,,,,,,,,
Seq_452_LinJ.31,Seq_453_LinJ.31,Seq_454_LinJ.31,Seq_455_LinJ.31,,,,,,,,,,
Seq_456_LinJ.31,,,,,,,,,,,,,
Seq_457_LinJ.31,Seq_458_LinJ.31,,,,,,,,,,,,
Seq_459_LinJ.31,Seq_464_LinJ.31,,,,,,,,,,,,
Seq_460_LinJ.31,Seq_461_LinJ.31,Seq_463_LinJ.31,,,,,,,,,,,
Seq_462_LinJ.31,,,,,,,,,,,,,
Seq_465_LinJ.31,,,,,,,,,,,,,
Seq_466_LinJ.31,,,,,,,,,,,,,
Seq_467_LinJ.31,,,,,,,,,,,,,
Seq_468_LinJ.31,,,,,,,,,,,,,
Seq_469_LinJ.31,,,,,,,,,,,,,
Seq_470_LinJ.31,,,,,,,,,,,,,
Seq_471_LinJ.31,,,,,,,,,,,,,
Seq_472_LinJ.31,,,,,,,,,,,,,
Seq_473_LinJ.31,,,,,,,,,,,,,
Seq_474_LinJ.31,,,,,,,,,,,,,
Seq_476_LinJ.32,,,,,,,,,,,,,
Seq_477_LinJ.32,,,,,,,,,,,,,
Seq_478_LinJ.32,Seq_480_LinJ.32,Seq_482_LinJ.32,,,,,,,,,,,
Seq_479_LinJ.32,Seq_481_LinJ.32,Seq_483_LinJ.32,,,,,,,,,,,
Seq_484_LinJ.32,Seq_485_LinJ.32,,,,,,,,,,,,
Seq_486_LinJ.32,,,,,,,,,,,,,
Seq_487_LinJ.32,,,,,,,,,,,,,
Seq_488_LinJ.32,,,,,,,,,,,,,
Seq_489_LinJ.32,Seq_490_LinJ.32,,,,,,,,,,,,
Seq_491_LinJ.32,,,,,,,,,,,,,
Seq_492_LinJ.32,,,,,,,,,,,,,
Seq_493_LinJ.32,,,,,,,,,,,,,
Seq_494_LinJ.32,,,,,,,,,,,,,
Seq_495_LinJ.32,,,,,,,,,,,,,
Seq_496_LinJ.33,,,,,,,,,,,,,
Seq_497_LinJ.33,,,,,,,,,,,,,
Seq_498_LinJ.33,,,,,,,,,,,,,
Seq_499_LinJ.33,,,,,,,,,,,,,
Seq_500_LinJ.33,,,,,,,,,,,,,
Seq_501_LinJ.33,,,,,,,,,,,,,
Seq_502_LinJ.33,,,,,,,,,,,,,
Seq_503_LinJ.33,,,,,,,,,,,,,
Seq_504_LinJ.33,,,,,,,,,,,,,
Seq_505_LinJ.33,,,,,,,,,,,,,
Seq_506_LinJ.33,,,,,,,,,,,,,
Seq_508_LinJ.33,,,,,,,,,,,,,
Seq_509_LinJ.33,,,,,,,,,,,,,
Seq_510_LinJ.33,Seq_511_LinJ.33,Seq_513_LinJ.33,Seq_515_LinJ.33,,,,,,,,,,
Seq_512_LinJ.33,Seq_514_LinJ.33,,,,,,,,,,,,
Seq_516_LinJ.33,,,,,,,,,,,,,
Seq_517_LinJ.33,,,,,,,,,,,,,
Seq_518_LinJ.33,,,,,,,,,,,,,
Seq_519_LinJ.33,,,,,,,,,,,,,
Seq_520_LinJ.33,,,,,,,,,,,,,
Seq_524_LinJ.34,,,,,,,,,,,,,
Seq_525_LinJ.34,,,,,,,,,,,,,
Seq_526_LinJ.34,,,,,,,,,,,,,
Seq_528_LinJ.34,Seq_529_LinJ.34,Seq_530_LinJ.34,Seq_531_LinJ.34,Seq_532_LinJ.34,Seq_540_LinJ.34,,,,,,,,
Seq_536_LinJ.34,,,,,,,,,,,,,
Seq_537_LinJ.34,,,,,,,,,,,,,
Seq_527_LinJ.34,Seq_533_LinJ.34,Seq_534_LinJ.34,Seq_538_LinJ.34,,,,,,,,,,
Seq_539_LinJ.34,,,,,,,,,,,,,
Seq_535_LinJ.34,Seq_541_LinJ.34,Seq_542_LinJ.34,Seq_544_LinJ.34,Seq_545_LinJ.34,Seq_547_LinJ.34,Seq_548_LinJ.34,Seq_550_LinJ.34,Seq_552_LinJ.34,Seq_556_LinJ.34,Seq_561_LinJ.34,Seq_562_LinJ.34,Seq_563_LinJ.34,Seq_564_LinJ.34
Seq_543_LinJ.34,Seq_546_LinJ.34,Seq_549_LinJ.34,Seq_551_LinJ.34,Seq_553_LinJ.34,Seq_554_LinJ.34,Seq_555_LinJ.34,Seq_557_LinJ.34,Seq_559_LinJ.34,Seq_560_LinJ.34,,,,
Seq_558_LinJ.34,,,,,,,,,,,,,
Seq_565_LinJ.34,Seq_567_LinJ.34,Seq_570_LinJ.34,,,,,,,,,,,
Seq_566_LinJ.34,Seq_568_LinJ.34,Seq_571_LinJ.34,,,,,,,,,,,
Seq_569_LinJ.34,,,,,,,,,,,,,
Seq_572_LinJ.34,,,,,,,,,,,,,
Seq_573_LinJ.34,,,,,,,,,,,,,
Seq_574_LinJ.34,,,,,,,,,,,,,
Seq_575_LinJ.34,,,,,,,,,,,,,
Seq_576_LinJ.34,Seq_649_LinJ.35,,,,,,,,,,,,
Seq_577_LinJ.34,,,,,,,,,,,,,
Seq_578_LinJ.34,Seq_581_LinJ.34,Seq_587_LinJ.34,Seq_593_LinJ.34,Seq_598_LinJ.34,Seq_607_LinJ.34,,,,,,,,
Seq_579_LinJ.34,Seq_582_LinJ.34,Seq_588_LinJ.34,Seq_594_LinJ.34,Seq_599_LinJ.34,Seq_603_LinJ.34,Seq_608_LinJ.34,,,,,,,
Seq_580_LinJ.34,Seq_583_LinJ.34,Seq_589_LinJ.34,Seq_595_LinJ.34,Seq_600_LinJ.34,Seq_604_LinJ.34,Seq_609_LinJ.34,,,,,,,
Seq_584_LinJ.34,Seq_590_LinJ.34,Seq_596_LinJ.34,Seq_601_LinJ.34,,,,,,,,,,
Seq_586_LinJ.34,Seq_592_LinJ.34,,,,,,,,,,,,
Seq_606_LinJ.34,,,,,,,,,,,,,
Seq_611_LinJ.34,,,,,,,,,,,,,
Seq_612_LinJ.34,,,,,,,,,,,,,
Seq_613_LinJ.34,Seq_614_LinJ.34,Seq_617_LinJ.34,Seq_618_LinJ.34,Seq_621_LinJ.34,Seq_622_LinJ.34,Seq_623_LinJ.34,,,,,,,
Seq_615_LinJ.34,Seq_619_LinJ.34,,,,,,,,,,,,
Seq_616_LinJ.34,Seq_620_LinJ.34,,,,,,,,,,,,
Seq_624_LinJ.34,Seq_625_LinJ.34,,,,,,,,,,,,
Seq_626_LinJ.34,,,,,,,,,,,,,
Seq_627_LinJ.34,,,,,,,,,,,,,
Seq_628_LinJ.34,,,,,,,,,,,,,
Seq_629_LinJ.34,,,,,,,,,,,,,
Seq_630_LinJ.35,,,,,,,,,,,,,
Seq_631_LinJ.35,,,,,,,,,,,,,
Seq_632_LinJ.35,,,,,,,,,,,,,
Seq_633_LinJ.35,,,,,,,,,,,,,
Seq_634_LinJ.35,Seq_641_LinJ.35,,,,,,,,,,,,
Seq_635_LinJ.35,Seq_640_LinJ.35,,,,,,,,,,,,
Seq_636_LinJ.35,Seq_638_LinJ.35,,,,,,,,,,,,
Seq_637_LinJ.35,,,,,,,,,,,,,
Seq_639_LinJ.35,,,,,,,,,,,,,
Seq_642_LinJ.35,,,,,,,,,,,,,
Seq_643_LinJ.35,,,,,,,,,,,,,
Seq_644_LinJ.35,,,,,,,,,,,,,
Seq_645_LinJ.35,,,,,,,,,,,,,
Seq_646_LinJ.35,,,,,,,,,,,,,
Seq_647_LinJ.35,Seq_654_LinJ.35,,,,,,,,,,,,
Seq_648_LinJ.35,,,,,,,,,,,,,
Seq_650_LinJ.35,Seq_653_LinJ.35,,,,,,,,,,,,
Seq_651_LinJ.35,Seq_655_LinJ.35,,,,,,,,,,,,
Seq_652_LinJ.35,,,,,,,,,,,,,
Seq_656_LinJ.35,,,,,,,,,,,,,
Seq_657_LinJ.35,,,,,,,,,,,,,
Seq_658_LinJ.35,,,,,,,,,,,,,
Seq_659_LinJ.35,,,,,,,,,,,,,
Seq_660_LinJ.35,,,,,,,,,,,,,
Seq_661_LinJ.35,,,,,,,,,,,,,
Seq_662_LinJ.35,Seq_663_LinJ.35,,,,,,,,,,,,
Seq_664_LinJ.36,Seq_665_LinJ.36,,,,,,,,,,,,
Seq_666_LinJ.36,,,,,,,,,,,,,
Seq_667_LinJ.36,Seq_668_LinJ.36,Seq_670_LinJ.36,Seq_675_LinJ.36,,,,,,,,,,
Seq_669_LinJ.36,,,,,,,,,,,,,
Seq_671_LinJ.36,Seq_673_LinJ.36,Seq_674_LinJ.36,,,,,,,,,,,
Seq_672_LinJ.36,,,,,,,,,,,,,
Seq_676_LinJ.36,,,,,,,,,,,,,
Seq_677_LinJ.36,,,,,,,,,,,,,
Seq_678_LinJ.36,,,,,,,,,,,,,
Seq_679_LinJ.36,,,,,,,,,,,,,
Seq_680_LinJ.36,,,,,,,,,,,,,
Seq_681_LinJ.36,,,,,,,,,,,,,
Seq_682_LinJ.36,,,,,,,,,,,,,
Seq_683_LinJ.36,,,,,,,,,,,,,
Seq_684_LinJ.36,,,,,,,,,,,,,
Seq_685_LinJ.36,Seq_687_LinJ.36,,,,,,,,,,,,
Seq_686_LinJ.36,Seq_688_LinJ.36,Seq_690_LinJ.36,Seq_692_LinJ.36,,,,,,,,,,
Seq_689_LinJ.36,,,,,,,,,,,,,
Seq_691_LinJ.36,,,,,,,,,,,,,
Seq_693_LinJ.36,,,,,,,,,,,,,
Seq_694_LinJ.36,,,,,,,,,,,,,
Seq_695_LinJ.36,,,,,,,,,,,,,
Seq_696_LinJ.36,,,,,,,,,,,,,
Seq_697_LinJ.36,Seq_698_LinJ.36,Seq_699_LinJ.36,Seq_700_LinJ.36,Seq_701_LinJ.36,Seq_702_LinJ.36,Seq_703_LinJ.36,Seq_704_LinJ.36,,,,,,
Seq_705_LinJ.36,,,,,,,,,,,,,
Seq_706_LinJ.36,Seq_709_LinJ.36,,,,,,,,,,,,
Seq_707_LinJ.36,Seq_712_LinJ.36,Seq_713_LinJ.36,,,,,,,,,,,
Seq_708_LinJ.36,Seq_711_LinJ.36,,,,,,,,,,,,
Seq_710_LinJ.36,,,,,,,,,,,,,
