Seq_0_LinJ.01_plus,1-24471d,100.000,660,666,660,0,0,7,666,1,660,0.0,1219,plus,GGCGGGGGAGGCGGGGGGCACGCACCTCCATGCGTGGCATCCCAGGGTCCAGCGCCCCCCCCCTCCACCCCCGCTCTCTCTGTGTACGGAAGCCCGGCAGCCCCCTCACCCTCTATCCCTGCCAACGCCGAACCACTTCTGGTGCTGACAGGGCTGGGCCCTTACGGCGTTGGGCGAGGTCGGCGCGACGTAGCGCCACGGATGCCGGCGGCCATGTCGTGCATGGCGCTGCGTCCGAGCCACCCGCGACAGTGAGCACAGGCTTGCACGGTCCATGCGATGGGCGGAGCGTGTCAGCGCGGCTCGAGCGTGTCGCAGCCGGCCCCTCACACTGGCCCACGGCGAGGGGTGCGGGGGCCTGAGTGTCACCGCGACGGGGAGACGCACCCAGGGAGGAGGTGGGGGGAGTGGGGACCGGCATGATGGAGGGGCGGCTGTGTGGCGATGTGTGTGTATGTGGGTGTCGTCGCGTTTGAGGCAGGAGCCGTGCTGCGACGACCGAGCCGGCGCACTGCTGCAGCGCGCGTGTGTCTTGCGCTGCTTCGCACCAGGCGATGAGAGTGGGGTGGGGTGCCTGCAGCACTCGGCGGCGGGGGGGTGCAGAGCGGCCTCCACCTCGCAGTGTGCGGCAGCGAAAACGGACACGCGGAAGAGCAAACA
Seq_0_LinJ.01_plus,1-55910r,99.380,645,666,650,3,1,23,666,6,650,0.0,1168,plus,GGCACGCACCTCCATGCGTGGCATCCCAGGGTCCAGCGCCCCCCCCCCTCCACCCCCGCTCTCTCTGTGTACGGAAGCCCGGCAGCCCCCTCACCCTCTATCCCTGCCAACGCCGAACCACTTCTGGTGCTGACAGGGCTGGGCCCTTACGGCGTTGGGCGAGGTCGGCGCGACGTAGCGCCACGGATGCCGGCGGCCATGTCGTGCATGGCGCTGCGTCCGAGCCACCCGCGACAGTGAGCACAGGCTTGCACGGTCCATGCGATGGGCGGAGCGTGTCAGCGCGGCTCGAGCGTGTCGCAGCCGGCCCCTCACACTGGCCCACGGCGAGGGGTGCGGGGGCCTGAGTGTCACCGCGACGGGGAGACGCACCCAGGGAGGAGGTGGGGGGAGTGGGGACCGGCATGATGGAGGGGCGGCTGTGTGGCGATGTGTGTGTATGTGGGTGTCGTCGCGTTTGAGGCAGGAGCCGTGCTGCTATGACCGAGCCGGCGCACTGCTGCAGCGCGCGTGTGTCTTGCGCTGCTTCGCACCAGGCGATGAGAGTGGGGTGGGGTGCCTGCAGCACTCGGCGGCGGGGGGGTGCAGAGCGGCCTCCACCTCGCAGTGTGCGGCAGCGAAAACGGACACGCGGAAGACCAAACA
Seq_0_LinJ.01_plus,1-36305r,98.708,619,666,621,6,2,7,624,1,618,0.0,1098,plus,GGCGGGGGAGGCGGGGGGCACGCACCTCCATGCGTGGCATCCCAGGGTCCAGCGCCCCCCCCCCTCCACCCCCGCTCTCTCTGTGTACGGAAGCCCGGCAGCCCCCTCACCCTCTATCCCTGCCAACGCCGAACCACTTCTGGTGCTGACAGGGCTGGGCCCTTACGGCGTTGGGCGAGGTCGGCGCGACGTTGCGCCACGGATGCCGGCGGCCATGTCGTGCATGGCGCTGCGTCCGAGCCACCCGCGACAGTGAGCACAGGCTTGCACGGTCCATGCGATGGGCGGAGCGTGTCAGCGCGGCTCGAGCGTGTCGCAGCCGGCCCCTCACACTGGCCCACGGCGAGGGGTGCGGGGGCCTGAGTGTCACCGCGACGGGGAGACGCACCCATGGAGGAGGTGGGGGGAGTGGGGACCGGCAAGATGGAGGGGCGGCTGTGCGGCGATGTGTGTGTATGTGGGTGTCGTCGCGTTTGAGGCAGGAGCCGTGCTGCGATGACCGAGCCGGCGCACTGCTGCAGCGCGCGTGTGTCTTGCGCTGCTTCGCACCAGGCGATGGGAGTGGGGTGGGGTGCCTGCAGCACTCGGCGGCGGGGGGG-GCAGAGCGGCCTCCACCTC
Seq_1_LinJ.01_plus,1-36305r,99.515,618,618,621,3,0,1,618,618,1,0.0,1125,minus,GAGGTGGAGGCCGCTCTGCCCCCCCCGCCGCCGAGTGCTGCAGGCACCCCACCCCACTCCCATCGCCTGGTGCGAAGCAGCGCAAGACACACGCGCGCTGCAGCAGTGCGCCGGCTCGGTCATCGCAGCACGGCTCCTGCCTCAAACGCGACGACACCCACATACACACACATCGCCGCACAGCCGCCCCTCCATCTTGCCGGTCCCCACTCCCCCCACCTCCTCCATGGGTGCGTCTCCCCGTCGCGGTGACACTCAGGCCCCCGCACCCCTCGCCGTGGGCCAGTGTGAGGGGCCGGCTGCGACACGCTCGAGCCGCGCTGACACGCTCCGCCCATCGCATGGACCGTGCAAGCCTGTGCTCACTGTCGCGGGTGGCTCGGACGCAGCGCCATGCACGACATGGCCGCCGGCATCCGTGGCGCAACGTCGCGCCGACCTCGCCCAACGCCGTAAGGGCCCAGCCCTGTCAGCACCAGAAGTGGTTCGGCGTTGGCAGGGATAGAGGGTGAGGGGGCTGCCGGGCTTCCGTACACAGAGAGAGCGGGGGTGGAGGGGGGGGGGCGCTGGACCCTGGGATGCCACGCATGGAGGTGCGTGCCCCCCGCCTCCCCCGCC
Seq_1_LinJ.01_plus,1-24471d,99.192,619,618,660,3,2,1,618,618,1,0.0,1114,minus,GAGGTGGAGGCCGCTCTGCACCCCCCCGCCGCCGAGTGCTGCAGGCACCCCACCCCACTCTCATCGCCTGGTGCGAAGCAGCGCAAGACACACGCGCGCTGCAGCAGTGCGCCGGCTCGGTCGTCGCAGCACGGCTCCTGCCTCAAACGCGACGACACCCACATACACACACATCGCCACACAGCCGCCCCTCCATCATGCCGGTCCCCACTCCCCCCACCTCCTCCCTGGGTGCGTCTCCCCGTCGCGGTGACACTCAGGCCCCCGCACCCCTCGCCGTGGGCCAGTGTGAGGGGCCGGCTGCGACACGCTCGAGCCGCGCTGACACGCTCCGCCCATCGCATGGACCGTGCAAGCCTGTGCTCACTGTCGCGGGTGGCTCGGACGCAGCGCCATGCACGACATGGCCGCCGGCATCCGTGGCGCTACGTCGCGCCGACCTCGCCCAACGCCGTAAGGGCCCAGCCCTGTCAGCACCAGAAGTGGTTCGGCGTTGGCAGGGATAGAGGGTGAGGGGGCTGCCGGGCTTCCGTACACAGAGAGAGCGGGGGTGGAGGGGGGGGG-CGCTGGACCCTGGGATGCCACGCATGGAGGTGCGTGCCCCCCGCCTCCCCCGCC
Seq_1_LinJ.01_plus,1-55910r,99.337,603,618,650,3,1,1,602,608,6,0.0,1090,minus,GAGGTGGAGGCCGCTCTGCACCCCCCCGCCGCCGAGTGCTGCAGGCACCCCACCCCACTCTCATCGCCTGGTGCGAAGCAGCGCAAGACACACGCGCGCTGCAGCAGTGCGCCGGCTCGGTCATAGCAGCACGGCTCCTGCCTCAAACGCGACGACACCCACATACACACACATCGCCACACAGCCGCCCCTCCATCATGCCGGTCCCCACTCCCCCCACCTCCTCCCTGGGTGCGTCTCCCCGTCGCGGTGACACTCAGGCCCCCGCACCCCTCGCCGTGGGCCAGTGTGAGGGGCCGGCTGCGACACGCTCGAGCCGCGCTGACACGCTCCGCCCATCGCATGGACCGTGCAAGCCTGTGCTCACTGTCGCGGGTGGCTCGGACGCAGCGCCATGCACGACATGGCCGCCGGCATCCGTGGCGCTACGTCGCGCCGACCTCGCCCAACGCCGTAAGGGCCCAGCCCTGTCAGCACCAGAAGTGGTTCGGCGTTGGCAGGGATAGAGGGTGAGGGGGCTGCCGGGCTTCCGTACACAGAGAGAGCGGGGGTGGAGGGGGGGGGGCGCTGGACCCTGGGATGCCACGCATGGAGGTGCGTGCC
Seq_3_LinJ.01_plus,1-55910r,99.845,646,645,650,0,1,1,645,650,5,0.0,1186,minus,TGTTTGGTCTTCCGCGTGTCCGTTTTCGCTGCCGCACACTGCGAGGTGGAGGCCGCTCTGCACCCCCCCGCCGCCGAGTGCTGCAGGCACCCCACCCCACTCTCATCGCCTGGTGCGAAGCAGCGCAAGACACACGCGCGCTGCAGCAGTGCGCCGGCTCGGTCATAGCAGCACGGCTCCTGCCTCAAACGCGACGACACCCACATACACACACATCGCCACACAGCCGCCCCTCCATCATGCCGGTCCCCACTCCCCCCACCTCCTCCCTGGGTGCGTCTCCCCGTCGCGGTGACACTCAGGCCCCCGCACCCCTCGCCGTGGGCCAGTGTGAGGGGCCGGCTGCGACACGCTCGAGCCGCGCTGACACGCTCCGCCCATCGCATGGACCGTGCAAGCCTGTGCTCACTGTCGCGGGTGGCTCGGACGCAGCGCCATGCACGACATGGCCGCCGGCATCCGTGGCGCTACGTCGCGCCGACCTCGCCCAACGCCGTAAGGGCCCAGCCCTGTCAGCACCAGAAGTGGTTCGGCGTTGGCAGGGATAGAGGGTGAGGGGGCTGCCGGGCTTCCGTACACAGAGAGAGCGGGGGTGGAGGGGGGGGGGCGCTGGACCCTGGGATGCCACGCATGGAGGTGCGTGCCT
Seq_3_LinJ.01_plus,1-24471d,99.534,644,645,660,3,0,1,644,660,17,0.0,1173,minus,TGTTTGCTCTTCCGCGTGTCCGTTTTCGCTGCCGCACACTGCGAGGTGGAGGCCGCTCTGCACCCCCCCGCCGCCGAGTGCTGCAGGCACCCCACCCCACTCTCATCGCCTGGTGCGAAGCAGCGCAAGACACACGCGCGCTGCAGCAGTGCGCCGGCTCGGTCGTCGCAGCACGGCTCCTGCCTCAAACGCGACGACACCCACATACACACACATCGCCACACAGCCGCCCCTCCATCATGCCGGTCCCCACTCCCCCCACCTCCTCCCTGGGTGCGTCTCCCCGTCGCGGTGACACTCAGGCCCCCGCACCCCTCGCCGTGGGCCAGTGTGAGGGGCCGGCTGCGACACGCTCGAGCCGCGCTGACACGCTCCGCCCATCGCATGGACCGTGCAAGCCTGTGCTCACTGTCGCGGGTGGCTCGGACGCAGCGCCATGCACGACATGGCCGCCGGCATCCGTGGCGCTACGTCGCGCCGACCTCGCCCAACGCCGTAAGGGCCCAGCCCTGTCAGCACCAGAAGTGGTTCGGCGTTGGCAGGGATAGAGGGTGAGGGGGCTGCCGGGCTTCCGTACACAGAGAGAGCGGGGGTGGAGGGGGGGGGCGCTGGACCCTGGGATGCCACGCATGGAGGTGCGTGCC
Seq_3_LinJ.01_plus,1-36305r,98.673,603,645,621,6,2,43,644,618,17,0.0,1068,minus,GAGGTGGAGGCCGCTCTGC-CCCCCCCGCCGCCGAGTGCTGCAGGCACCCCACCCCACTCCCATCGCCTGGTGCGAAGCAGCGCAAGACACACGCGCGCTGCAGCAGTGCGCCGGCTCGGTCATCGCAGCACGGCTCCTGCCTCAAACGCGACGACACCCACATACACACACATCGCCGCACAGCCGCCCCTCCATCTTGCCGGTCCCCACTCCCCCCACCTCCTCCATGGGTGCGTCTCCCCGTCGCGGTGACACTCAGGCCCCCGCACCCCTCGCCGTGGGCCAGTGTGAGGGGCCGGCTGCGACACGCTCGAGCCGCGCTGACACGCTCCGCCCATCGCATGGACCGTGCAAGCCTGTGCTCACTGTCGCGGGTGGCTCGGACGCAGCGCCATGCACGACATGGCCGCCGGCATCCGTGGCGCAACGTCGCGCCGACCTCGCCCAACGCCGTAAGGGCCCAGCCCTGTCAGCACCAGAAGTGGTTCGGCGTTGGCAGGGATAGAGGGTGAGGGGGCTGCCGGGCTTCCGTACACAGAGAGAGCGGGGGTGGAGGGGGGGGGGCGCTGGACCCTGGGATGCCACGCATGGAGGTGCGTGCC
Seq_4_LinJ.01_plus,1-24471d,98.441,449,444,660,1,5,1,444,24,471,0.0,785,plus,ACCTCCATGCGTGGCATCCCAGGGTCCAGCGCCCCCCCCCTCCACCCCCGCTCTCTCTGTGTACGGAAGCCCGGCAGCCCCCTCACCCTCTATCCCTGCCAACGCCGAACCACTTCTGGTGCTGACAGGGCTGGGCCCTTACGGCGTTGGGCGAGGTCGGCGCGACGTAGCGCCACGGATGCCGGCGGCCATGTCGTGCATGGCGCTGCGTCCGAGCCACCCGCGACAGTGAGCACAGGCTTGCACGGTCCATGCGATGGGCGGAGCGTGTCAGCGCGGCTCGAGCGTGTCGCAGCCGGCCCCTCACACTGGCCCACGGCGAGGGGTGCGGGGGCCTGAGTGTCACCGCGACGGGGAGACGCACCCAGGGAGGAGGTGGGGGGAGTGGGGACCGGCATGATGGAGGGGCGGCTGTGTGGCGATGTGTGTGTATGTGGGTGT-CGTCGCG
Seq_4_LinJ.01_plus,1-55910r,98.222,450,444,650,1,5,1,444,13,461,0.0,780,plus,ACCTCCATGCGTGGCATCCCAGGGTCCAGCGCCCCCCCCCCTCCACCCCCGCTCTCTCTGTGTACGGAAGCCCGGCAGCCCCCTCACCCTCTATCCCTGCCAACGCCGAACCACTTCTGGTGCTGACAGGGCTGGGCCCTTACGGCGTTGGGCGAGGTCGGCGCGACGTAGCGCCACGGATGCCGGCGGCCATGTCGTGCATGGCGCTGCGTCCGAGCCACCCGCGACAGTGAGCACAGGCTTGCACGGTCCATGCGATGGGCGGAGCGTGTCAGCGCGGCTCGAGCGTGTCGCAGCCGGCCCCTCACACTGGCCCACGGCGAGGGGTGCGGGGGCCTGAGTGTCACCGCGACGGGGAGACGCACCCAGGGAGGAGGTGGGGGGAGTGGGGACCGGCATGATGGAGGGGCGGCTGTGTGGCGATGTGTGTGTATGTGGGTGT-CGTCGCG
Seq_4_LinJ.01_plus,1-36305r,97.333,450,444,621,5,5,1,444,24,472,0.0,758,plus,ACCTCCATGCGTGGCATCCCAGGGTCCAGCGCCCCCCCCCCTCCACCCCCGCTCTCTCTGTGTACGGAAGCCCGGCAGCCCCCTCACCCTCTATCCCTGCCAACGCCGAACCACTTCTGGTGCTGACAGGGCTGGGCCCTTACGGCGTTGGGCGAGGTCGGCGCGACGTTGCGCCACGGATGCCGGCGGCCATGTCGTGCATGGCGCTGCGTCCGAGCCACCCGCGACAGTGAGCACAGGCTTGCACGGTCCATGCGATGGGCGGAGCGTGTCAGCGCGGCTCGAGCGTGTCGCAGCCGGCCCCTCACACTGGCCCACGGCGAGGGGTGCGGGGGCCTGAGTGTCACCGCGACGGGGAGACGCACCCATGGAGGAGGTGGGGGGAGTGGGGACCGGCAAGATGGAGGGGCGGCTGTGCGGCGATGTGTGTGTATGTGGGTGT-CGTCGCG
Seq_6_LinJ.01_plus,1-112979r,99.614,259,259,259,0,1,1,258,259,1,6.86e-137,472,minus,CAGCGCCATGCACGACATGGCCGCTGACGTCCGTAGCCCTAACTCGCGCTCTGCCGGGGCACTCCCTGACGTCACAGATGCTCGGCCCTGGTCGCCACCACAGGTGGTTCTGGCATGGGCCGGGACGGCGGAGGGAGGAGTGGGGGGTGGGTGGGTGGGTGGGTGGGCGCCCTGCAGCCTGAGGTACCCCCCCCCCCACGCACGGAGGTGTGTGCGTGTGTGTGTGTGTGTGTGTGTCTGTGCGCCGCCGCCTCACCCC
Seq_6_LinJ.01_plus,1-136422d,97.692,260,259,461,1,2,4,258,267,8,5.38e-128,442,minus,CGCCATGCACGACATGGCCGCTGACGTCCGTAGCCCTAACTCGCGCTCTGCCGGGGCACTCCCTGACGTCACAGATGCTCGGCCCTGGTCGCCACCACAGGTGGTTCTGGCATGGGCCGGGACGGCGGAGGGAGGAGTGGGGGGTGGGTGGGTGGGTGGGTGGGCGCCCTGCAGCCTGAGGTACCCCCCCCCCCACGCACGGAGGTGTGTGCGTGTGTGTGTGTGTGTGTGTGTGTGTCTGTGCGCCGCCGCCCCACCCC
Seq_6_LinJ.01_plus,1-129494r,98.387,248,259,447,0,1,4,251,253,10,3.24e-125,433,minus,CGCCATGCACGACATGGCCGCTGACGTCCGTAGCCCTAACTCGCGCTCTGCCGGGGCACTCCCTGACGTCACAGATGCTCGGCCCTGGTCGCCACCACAGGTGGTTCTGGCATGGGCCGGGACGGCGGAGGGAGGAGTGGGGGGTGGGTGGGTGGGTGGG----CGCCCTGCAGCCTGAGGTACCCCCCCCCCACGCACGGAGGTGTGTGCGTGTGTGTGTGTGTGTGTGTGTCTGTGCGCCGCCGCC
Seq_6_LinJ.01_plus,1-204526d,95.556,225,259,432,0,2,4,227,239,24,9.33e-101,351,minus,CGCCATGCACGACATGGCCGCTGACGTCCGTAGCCCTAACTCGCGCTCTGCCGGGGCACTCCCTGACGTCACAGATGCTCGGCCCTGGTCGCCACCACAGGTGGTTCTGGCATGGGCCGGGACGGCGGAGGGAGGAGTGGGGGG---------GGGTGGGTGGGCGCCCTGCAGCCTGAGGTACCCCCCCCCCCACGCACGGAGGTGTGTGCGTGTGTGTGTGTG
Seq_8_LinJ.01_plus,1-129494r,100.000,441,454,447,0,0,14,454,447,7,0.0,815,minus,GCGCGAAGTCATCCCATCACGCCAACGCCGACTCTACGCCAGCCCTCAATAACCCTTTCACAGGCCCCTCCCCCACCCCCGGGTAGGCCAGTGTGAGGGGCCGGCCGCGATGCGCTCGAGCCGCGCTGGCACGCTCTGCCCATCATATGGACGGTGCAAACCTGCGCTCACTGTCGCGGGTGGCCCCGACGCAACGCCATGCACGACATGGCCGCTGACGTCCGTAGCCCTAACTCGCGCTCTGCCGGGGCACTCCCTGACGTCACAGATGCTCGGCCCTGGTCGCCACCACAGGTGGTTCTGGCATGGGCCGGGACGGCGGAGGGAGGAGTGGGGGGTGGGTGGGTGGGTGGGCGCCCTGCAGCCTGAGGTACCCCCCCCCCACGCACGGAGGTGTGTGCGTGTGTGTGTGTGTGTGTGTGTCTGTGCGCCGCCGCCCCG
Seq_8_LinJ.01_plus,1-136422d,97.105,449,454,461,4,3,14,453,461,13,0.0,749,minus,GCGTGAGGTCATCCCATCACGCCAACGCCGACTCTACGCCAGCCCTCAATAACCCTTCCACAGGCCCCTCCCCCACCCCCGGGTAGGCCAGTGTGAGGGGCCGGCCGCGATGCGCTCGAGCCGCGCTGACACGCTCTGCCCATCATATGGACGGTGCAAACCTGCGCTCACTGTCGCGGGTGGCCCCGACGCAACGCCATGCACGACATGGCCGCTGACGTCCGTAGCCCTAACTCGCGCTCTGCCGGGGCACTCCCTGACGTCACAGATGCTCGGCCCTGGTCGCCACCACAGGTGGTTCTGGCATGGGCCGGGACGGCGGAGGGAGGAGTGGGGGGTGGGTGGGTGGGTGGGTGGGCGCCCTGCAGCCTGAGGTACCCCCCCCCCCACGCACGGAGGTGTGTGCGTGTGTGTGTGTGTGTGTGTGTGTGTCTGTGCGCCGCCGCCCC
Seq_8_LinJ.01_plus,1-204526d,98.068,414,454,432,2,2,15,427,432,24,0.0,715,minus,CGCGAAGTCATCCCATCACGCCAACGCCGACTCTACGCCAGCCCTCAATAACCCTTCCACAGGCCCCTCCCCCACCCCCGGGTAGGCCAGTGTGAGGGGCCGGCCGCGATGCGCTCGAGCCGCGCTGACACGCTCTGCCCATCATATGGACGGTGCAAACCTGCGCTCACTGTCGCGGGTGGCCCCGACGCAACGCCATGCACGACATGGCCGCTGACGTCCGTAGCCCTAACTCGCGCTCTGCCGGGGCACTCCCTGACGTCACAGATGCTCGGCCCTGGTCGCCACCACAGGTGGTTCTGGCATGGGCCGGGACGGCGGAGGGAGGAGTGGGGGG-----GGGTGGGTGGGCGCCCTGCAGCCTGAGGTACCCCCCCCCCCACGCACGGAGGTGTGTGCGTGTGTGTGTGTG
Seq_8_LinJ.01_plus,1-112979r,97.992,249,454,259,0,2,208,451,256,8,2.70e-123,427,minus,CGCCATGCACGACATGGCCGCTGACGTCCGTAGCCCTAACTCGCGCTCTGCCGGGGCACTCCCTGACGTCACAGATGCTCGGCCCTGGTCGCCACCACAGGTGGTTCTGGCATGGGCCGGGACGGCGGAGGGAGGAGTGGGGGGTGGGTGGGTGGGTGGGTGGGCGCCCTGCAGCCTGAGGTACCCCCCCCCCCACGCACGGAGGTGTGTGCGTGTGTGTGTGTGTGTGTGTGTCTGTGCGCCGCCGCC
Seq_9_LinJ.01_plus,1-136422d,100.000,461,462,461,0,0,1,461,1,461,0.0,852,plus,TGACGACGGGGTGGGGCGGCGGCGCACAGACACACACACACACACACACACACACGCACACACCTCCGTGCGTGGGGGGGGGGGTACCTCAGGCTGCAGGGCGCCCACCCACCCACCCACCCACCCCCCACTCCTCCCTCCGCCGTCCCGGCCCATGCCAGAACCACCTGTGGTGGCGACCAGGGCCGAGCATCTGTGACGTCAGGGAGTGCCCCGGCAGAGCGCGAGTTAGGGCTACGGACGTCAGCGGCCATGTCGTGCATGGCGTTGCGTCGGGGCCACCCGCGACAGTGAGCGCAGGTTTGCACCGTCCATATGATGGGCAGAGCGTGTCAGCGCGGCTCGAGCGCATCGCGGCCGGCCCCTCACACTGGCCTACCCGGGGGTGGGGGAGGGGCCTGTGGAAGGGTTATTGAGGGCTGGCGTAGAGTCGGCGTTGGCGTGATGGGATGACCTCACGC
Seq_9_LinJ.01_plus,1-129494r,97.105,449,462,447,4,3,13,461,8,447,0.0,749,plus,GGGGCGGCGGCGCACAG----ACACACACACACACACACACACGCACACACCTCCGTGCGT-GGGGGGGGGGTACCTCAGGCTGCAGGGCG----CCCACCCACCCACCCACCCCCCACTCCTCCCTCCGCCGTCCCGGCCCATGCCAGAACCACCTGTGGTGGCGACCAGGGCCGAGCATCTGTGACGTCAGGGAGTGCCCCGGCAGAGCGCGAGTTAGGGCTACGGACGTCAGCGGCCATGTCGTGCATGGCGTTGCGTCGGGGCCACCCGCGACAGTGAGCGCAGGTTTGCACCGTCCATATGATGGGCAGAGCGTGCCAGCGCGGCTCGAGCGCATCGCGGCCGGCCCCTCACACTGGCCTACCCGGGGGTGGGGGAGGGGCCTGTGAAAGGGTTATTGAGGGCTGGCGTAGAGTCGGCGTTGGCGTGATGGGATGACTTCGCGC
Seq_9_LinJ.01_plus,1-204526d,97.816,412,462,432,0,1,43,454,24,426,0.0,702,plus,CACACACACACACGCACACACCTCCGTGCGTGGGGGGGGGGGTACCTCAGGCTGCAGGGCGCCCACCCACCC---------CCCCCCACTCCTCCCTCCGCCGTCCCGGCCCATGCCAGAACCACCTGTGGTGGCGACCAGGGCCGAGCATCTGTGACGTCAGGGAGTGCCCCGGCAGAGCGCGAGTTAGGGCTACGGACGTCAGCGGCCATGTCGTGCATGGCGTTGCGTCGGGGCCACCCGCGACAGTGAGCGCAGGTTTGCACCGTCCATATGATGGGCAGAGCGTGTCAGCGCGGCTCGAGCGCATCGCGGCCGGCCCCTCACACTGGCCTACCCGGGGGTGGGGGAGGGGCCTGTGGAAGGGTTATTGAGGGCTGGCGTAGAGTCGGCGTTGGCGTGATGGGATGAC
Seq_9_LinJ.01_plus,1-112979r,98.077,260,462,259,1,1,8,267,1,256,5.87e-130,449,plus,GGGGTGAGGCGGCGGCGCACAG----ACACACACACACACACACACACGCACACACCTCCGTGCGTGGGGGGGGGGGTACCTCAGGCTGCAGGGCGCCCACCCACCCACCCACCCACCCCCCACTCCTCCCTCCGCCGTCCCGGCCCATGCCAGAACCACCTGTGGTGGCGACCAGGGCCGAGCATCTGTGACGTCAGGGAGTGCCCCGGCAGAGCGCGAGTTAGGGCTACGGACGTCAGCGGCCATGTCGTGCATGGCG
Seq_10_LinJ.01_plus,1-204526d,100.000,432,446,432,0,0,1,432,1,432,0.0,798,plus,GATGACGGGGTGGGGCGGCGGCGCACACACACACACGCACACACCTCCGTGCGTGGGGGGGGGGGTACCTCAGGCTGCAGGGCGCCCACCCACCCCCCCCCACTCCTCCCTCCGCCGTCCCGGCCCATGCCAGAACCACCTGTGGTGGCGACCAGGGCCGAGCATCTGTGACGTCAGGGAGTGCCCCGGCAGAGCGCGAGTTAGGGCTACGGACGTCAGCGGCCATGTCGTGCATGGCGTTGCGTCGGGGCCACCCGCGACAGTGAGCGCAGGTTTGCACCGTCCATATGATGGGCAGAGCGTGTCAGCGCGGCTCGAGCGCATCGCGGCCGGCCCCTCACACTGGCCTACCCGGGGGTGGGGGAGGGGCCTGTGGAAGGGTTATTGAGGGCTGGCGTAGAGTCGGCGTTGGCGTGATGGGATGACTTCGCG
Seq_10_LinJ.01_plus,1-129494r,98.068,414,446,447,2,2,24,432,34,446,0.0,715,plus,CACACACACACACGCACACACCTCCGTGCGT-GGGGGGGGGGTACCTCAGGCTGCAGGGCGCCCACCCACCCACCCACCCCCCACTCCTCCCTCCGCCGTCCCGGCCCATGCCAGAACCACCTGTGGTGGCGACCAGGGCCGAGCATCTGTGACGTCAGGGAGTGCCCCGGCAGAGCGCGAGTTAGGGCTACGGACGTCAGCGGCCATGTCGTGCATGGCGTTGCGTCGGGGCCACCCGCGACAGTGAGCGCAGGTTTGCACCGTCCATATGATGGGCAGAGCGTGCCAGCGCGGCTCGAGCGCATCGCGGCCGGCCCCTCACACTGGCCTACCCGGGGGTGGGGGAGGGGCCTGTGAAAGGGTTATTGAGGGCTGGCGTAGAGTCGGCGTTGGCGTGATGGGATGACTTCGCG
Seq_10_LinJ.01_plus,1-136422d,97.816,412,446,461,0,1,24,426,43,454,0.0,702,plus,CACACACACACACGCACACACCTCCGTGCGTGGGGGGGGGGGTACCTCAGGCTGCAGGGCGCCCACCCACCCACCCACCCACCCCCCACTCCTCCCTCCGCCGTCCCGGCCCATGCCAGAACCACCTGTGGTGGCGACCAGGGCCGAGCATCTGTGACGTCAGGGAGTGCCCCGGCAGAGCGCGAGTTAGGGCTACGGACGTCAGCGGCCATGTCGTGCATGGCGTTGCGTCGGGGCCACCCGCGACAGTGAGCGCAGGTTTGCACCGTCCATATGATGGGCAGAGCGTGTCAGCGCGGCTCGAGCGCATCGCGGCCGGCCCCTCACACTGGCCTACCCGGGGGTGGGGGAGGGGCCTGTGGAAGGGTTATTGAGGGCTGGCGTAGAGTCGGCGTTGGCGTGATGGGATGAC
Seq_10_LinJ.01_plus,1-112979r,96.000,225,446,259,0,1,24,239,32,256,3.53e-102,357,plus,CACACACACACACGCACACACCTCCGTGCGTGGGGGGGGGGGTACCTCAGGCTGCAGGGCGCCCACCCACCCACCCACCCACCCCCCACTCCTCCCTCCGCCGTCCCGGCCCATGCCAGAACCACCTGTGGTGGCGACCAGGGCCGAGCATCTGTGACGTCAGGGAGTGCCCCGGCAGAGCGCGAGTTAGGGCTACGGACGTCAGCGGCCATGTCGTGCATGGCG
Seq_21_LinJ.01_minus,1-24471d,100.000,560,560,660,0,0,1,560,660,101,0.0,1035,minus,TGTTTGCTCTTCCGCGTGTCCGTTTTCGCTGCCGCACACTGCGAGGTGGAGGCCGCTCTGCACCCCCCCGCCGCCGAGTGCTGCAGGCACCCCACCCCACTCTCATCGCCTGGTGCGAAGCAGCGCAAGACACACGCGCGCTGCAGCAGTGCGCCGGCTCGGTCGTCGCAGCACGGCTCCTGCCTCAAACGCGACGACACCCACATACACACACATCGCCACACAGCCGCCCCTCCATCATGCCGGTCCCCACTCCCCCCACCTCCTCCCTGGGTGCGTCTCCCCGTCGCGGTGACACTCAGGCCCCCGCACCCCTCGCCGTGGGCCAGTGTGAGGGGCCGGCTGCGACACGCTCGAGCCGCGCTGACACGCTCCGCCCATCGCATGGACCGTGCAAGCCTGTGCTCACTGTCGCGGGTGGCTCGGACGCAGCGCCATGCACGACATGGCCGCCGGCATCCGTGGCGCTACGTCGCGCCGACCTCGCCCAACGCCGTAAGGGCCCAGCCCTGTCAGCACCAGAAGTGGTTCGGCGTTGGCAGGGATAGAGGGTGAGGGGG
Seq_21_LinJ.01_minus,1-55910r,99.464,560,560,650,3,0,1,560,650,91,0.0,1018,minus,TGTTTGGTCTTCCGCGTGTCCGTTTTCGCTGCCGCACACTGCGAGGTGGAGGCCGCTCTGCACCCCCCCGCCGCCGAGTGCTGCAGGCACCCCACCCCACTCTCATCGCCTGGTGCGAAGCAGCGCAAGACACACGCGCGCTGCAGCAGTGCGCCGGCTCGGTCATAGCAGCACGGCTCCTGCCTCAAACGCGACGACACCCACATACACACACATCGCCACACAGCCGCCCCTCCATCATGCCGGTCCCCACTCCCCCCACCTCCTCCCTGGGTGCGTCTCCCCGTCGCGGTGACACTCAGGCCCCCGCACCCCTCGCCGTGGGCCAGTGTGAGGGGCCGGCTGCGACACGCTCGAGCCGCGCTGACACGCTCCGCCCATCGCATGGACCGTGCAAGCCTGTGCTCACTGTCGCGGGTGGCTCGGACGCAGCGCCATGCACGACATGGCCGCCGGCATCCGTGGCGCTACGTCGCGCCGACCTCGCCCAACGCCGTAAGGGCCCAGCCCTGTCAGCACCAGAAGTGGTTCGGCGTTGGCAGGGATAGAGGGTGAGGGGG
Seq_21_LinJ.01_minus,1-36305r,98.649,518,560,621,6,1,43,560,618,102,0.0,917,minus,GAGGTGGAGGCCGCTCTGC-CCCCCCCGCCGCCGAGTGCTGCAGGCACCCCACCCCACTCCCATCGCCTGGTGCGAAGCAGCGCAAGACACACGCGCGCTGCAGCAGTGCGCCGGCTCGGTCATCGCAGCACGGCTCCTGCCTCAAACGCGACGACACCCACATACACACACATCGCCGCACAGCCGCCCCTCCATCTTGCCGGTCCCCACTCCCCCCACCTCCTCCATGGGTGCGTCTCCCCGTCGCGGTGACACTCAGGCCCCCGCACCCCTCGCCGTGGGCCAGTGTGAGGGGCCGGCTGCGACACGCTCGAGCCGCGCTGACACGCTCCGCCCATCGCATGGACCGTGCAAGCCTGTGCTCACTGTCGCGGGTGGCTCGGACGCAGCGCCATGCACGACATGGCCGCCGGCATCCGTGGCGCAACGTCGCGCCGACCTCGCCCAACGCCGTAAGGGCCCAGCCCTGTCAGCACCAGAAGTGGTTCGGCGTTGGCAGGGATAGAGGGTGAGGGGG
Seq_22_LinJ.01_minus,1-36305r,99.464,560,790,621,3,0,231,790,1,560,0.0,1018,plus,GGCGGGGGAGGCGGGGGGCACGCACCTCCATGCGTGGCATCCCAGGGTCCAGCGCCCCCCCCCCTCCACCCCCGCTCTCTCTGTGTACGGAAGCCCGGCAGCCCCCTCACCCTCTATCCCTGCCAACGCCGAACCACTTCTGGTGCTGACAGGGCTGGGCCCTTACGGCGTTGGGCGAGGTCGGCGCGACGTTGCGCCACGGATGCCGGCGGCCATGTCGTGCATGGCGCTGCGTCCGAGCCACCCGCGACAGTGAGCACAGGCTTGCACGGTCCATGCGATGGGCGGAGCGTGTCAGCGCGGCTCGAGCGTGTCGCAGCCGGCCCCTCACACTGGCCCACGGCGAGGGGTGCGGGGGCCTGAGTGTCACCGCGACGGGGAGACGCACCCATGGAGGAGGTGGGGGGAGTGGGGACCGGCAAGATGGAGGGGCGGCTGTGCGGCGATGTGTGTGTATGTGGGTGTCGTCGCGTTTGAGGCAGGAGCCGTGCTGCGATGACCGAGCCGGCGCACTGCTGCAGCGCGCGTGTGTCTTGCGCTGCTTCGCACCAGGCGATGGG
Seq_22_LinJ.01_minus,1-24471d,99.462,558,790,660,2,1,231,788,1,557,0.0,1013,plus,GGCGGGGGAGGCGGGGGGCACGCACCTCCATGCGTGGCATCCCAGGGTCCAGCG-CCCCCCCCCTCCACCCCCGCTCTCTCTGTGTACGGAAGCCCGGCAGCCCCCTCACCCTCTATCCCTGCCAACGCCGAACCACTTCTGGTGCTGACAGGGCTGGGCCCTTACGGCGTTGGGCGAGGTCGGCGCGACGTAGCGCCACGGATGCCGGCGGCCATGTCGTGCATGGCGCTGCGTCCGAGCCACCCGCGACAGTGAGCACAGGCTTGCACGGTCCATGCGATGGGCGGAGCGTGTCAGCGCGGCTCGAGCGTGTCGCAGCCGGCCCCTCACACTGGCCCACGGCGAGGGGTGCGGGGGCCTGAGTGTCACCGCGACGGGGAGACGCACCCAGGGAGGAGGTGGGGGGAGTGGGGACCGGCATGATGGAGGGGCGGCTGTGTGGCGATGTGTGTGTATGTGGGTGTCGTCGCGTTTGAGGCAGGAGCCGTGCTGCGACGACCGAGCCGGCGCACTGCTGCAGCGCGCGTGTGTCTTGCGCTGCTTCGCACCAGGCGATG
Seq_22_LinJ.01_minus,1-55910r,99.631,542,790,650,2,0,247,788,6,547,0.0,990,plus,GGCACGCACCTCCATGCGTGGCATCCCAGGGTCCAGCGCCCCCCCCCCTCCACCCCCGCTCTCTCTGTGTACGGAAGCCCGGCAGCCCCCTCACCCTCTATCCCTGCCAACGCCGAACCACTTCTGGTGCTGACAGGGCTGGGCCCTTACGGCGTTGGGCGAGGTCGGCGCGACGTAGCGCCACGGATGCCGGCGGCCATGTCGTGCATGGCGCTGCGTCCGAGCCACCCGCGACAGTGAGCACAGGCTTGCACGGTCCATGCGATGGGCGGAGCGTGTCAGCGCGGCTCGAGCGTGTCGCAGCCGGCCCCTCACACTGGCCCACGGCGAGGGGTGCGGGGGCCTGAGTGTCACCGCGACGGGGAGACGCACCCAGGGAGGAGGTGGGGGGAGTGGGGACCGGCATGATGGAGGGGCGGCTGTGTGGCGATGTGTGTGTATGTGGGTGTCGTCGCGTTTGAGGCAGGAGCCGTGCTGCTATGACCGAGCCGGCGCACTGCTGCAGCGCGCGTGTGTCTTGCGCTGCTTCGCACCAGGCGATG
Seq_24_LinJ.01_minus,1-55910r,99.818,549,790,650,0,1,243,790,1,549,0.0,1007,plus,CGGAAGGCACGCACCTCCATGCGTGGCATCCCAGGGTCCAGCGCCCCCCCCCCTCCACCCCCGCTCTCTCTGTGTACGGAAGCCCGGCAGCCCCCTCACCCTCTATCCCTGCCAACGCCGAACCACTTCTGGTGCTGACAGGGCTGGGCCCTTACGGCGTTGGGCGAGGTCGGCGCGACGTAGCGCCACGGATGCCGGCGGCCATGTCGTGCATGGCGCTGCGTCCGAGCCACCCGCGACAGTGAGCACAGGCTTGCACGGTCCATGCGATGGGCGGAGCGTGTCAGCGCGGCTCGAGCGTGTCGCAGCCGGCCCCTCACACTGGCCCACGGCGAGGGGTGCGGGGGCCTGAGTGTCACCGCGACGGGGAGACGCACCCAGGGAGGAGGTGGGGGGAGTGGGGACCGGCATGATGGAGGGGCGGCTGTGTGGCGATGTGTGTGTATGTGGGTGTCGTCGCGTTTGAGGCAGGAGCCGTGCTGCTATGACCGAGCCGGCGCACTGCTGCAGCGCGCGTGTGTCTTGCGCTGCTTCGCACCAGGCGATGAG
Seq_24_LinJ.01_minus,1-24471d,99.632,543,790,660,2,0,248,790,17,559,0.0,992,plus,GGCACGCACCTCCATGCGTGGCATCCCAGGGTCCAGCGCCCCCCCCCTCCACCCCCGCTCTCTCTGTGTACGGAAGCCCGGCAGCCCCCTCACCCTCTATCCCTGCCAACGCCGAACCACTTCTGGTGCTGACAGGGCTGGGCCCTTACGGCGTTGGGCGAGGTCGGCGCGACGTAGCGCCACGGATGCCGGCGGCCATGTCGTGCATGGCGCTGCGTCCGAGCCACCCGCGACAGTGAGCACAGGCTTGCACGGTCCATGCGATGGGCGGAGCGTGTCAGCGCGGCTCGAGCGTGTCGCAGCCGGCCCCTCACACTGGCCCACGGCGAGGGGTGCGGGGGCCTGAGTGTCACCGCGACGGGGAGACGCACCCAGGGAGGAGGTGGGGGGAGTGGGGACCGGCATGATGGAGGGGCGGCTGTGTGGCGATGTGTGTGTATGTGGGTGTCGTCGCGTTTGAGGCAGGAGCCGTGCTGCGACGACCGAGCCGGCGCACTGCTGCAGCGCGCGTGTGTCTTGCGCTGCTTCGCACCAGGCGATGAG
Seq_24_LinJ.01_minus,1-36305r,98.893,542,790,621,5,1,248,788,17,558,0.0,966,plus,GGCACGCACCTCCATGCGTGGCATCCCAGGGTCCAGCGCCCCCCCCCCTCCACCCCCGCTCTCTCTGTGTACGGAAGCCCGGCAGCCCCCTCACCCTCTATCCCTGCCAACGCCGAACCACTTCTGGTGCTGACAGGGCTGGGCCCTTACGGCGTTGGGCGAGGTCGGCGCGACGTTGCGCCACGGATGCCGGCGGCCATGTCGTGCATGGCGCTGCGTCCGAGCCACCCGCGACAGTGAGCACAGGCTTGCACGGTCCATGCGATGGGCGGAGCGTGTCAGCGCGGCTCGAGCGTGTCGCAGCCGGCCCCTCACACTGGCCCACGGCGAGGGGTGCGGGGGCCTGAGTGTCACCGCGACGGGGAGACGCACCCATGGAGGAGGTGGGGGGAGTGGGGACCGGCAAGATGGAGGGGCGGCTGTGCGGCGATGTGTGTGTATGTGGGTGTCGTCGCGTTTGAGGCAGGAGCCGTGCTGCGATGACCGAGCCGGCGCACTGCTGCAGCGCGCGTGTGTCTTGCGCTGCTTCGCACCAGGCGATG
Seq_25_LinJ.01_minus,1-55910r,99.462,372,371,650,0,2,1,371,461,91,0.0,675,minus,CGCGACG-ACACCCACATACACACACATCGCCACACAGCCGCCCCTCCATCATGCCGGTCCCCACTCCCCCCACCTCCTCCCTGGGTGCGTCTCCCCGTCGCGGTGACACTCAGGCCCCCGCACCCCTCGCCGTGGGCCAGTGTGAGGGGCCGGCTGCGACACGCTCGAGCCGCGCTGACACGCTCCGCCCATCGCATGGACCGTGCAAGCCTGTGCTCACTGTCGCGGGTGGCTCGGACGCAGCGCCATGCACGACATGGCCGCCGGCATCCGTGGCGCTACGTCGCGCCGACCTCGCCCAACGCCGTAAGGGCCCAGCCCTGTCAGCACCAGAAGTGGTTCGGCGTTGGCAGGGATAGAGGGTGAGGGGG
Seq_25_LinJ.01_minus,1-24471d,99.462,372,371,660,0,2,1,371,471,101,0.0,675,minus,CGCGACG-ACACCCACATACACACACATCGCCACACAGCCGCCCCTCCATCATGCCGGTCCCCACTCCCCCCACCTCCTCCCTGGGTGCGTCTCCCCGTCGCGGTGACACTCAGGCCCCCGCACCCCTCGCCGTGGGCCAGTGTGAGGGGCCGGCTGCGACACGCTCGAGCCGCGCTGACACGCTCCGCCCATCGCATGGACCGTGCAAGCCTGTGCTCACTGTCGCGGGTGGCTCGGACGCAGCGCCATGCACGACATGGCCGCCGGCATCCGTGGCGCTACGTCGCGCCGACCTCGCCCAACGCCGTAAGGGCCCAGCCCTGTCAGCACCAGAAGTGGTTCGGCGTTGGCAGGGATAGAGGGTGAGGGGG
Seq_25_LinJ.01_minus,1-36305r,98.387,372,371,621,4,2,1,371,472,102,0.0,652,minus,CGCGACG-ACACCCACATACACACACATCGCCGCACAGCCGCCCCTCCATCTTGCCGGTCCCCACTCCCCCCACCTCCTCCATGGGTGCGTCTCCCCGTCGCGGTGACACTCAGGCCCCCGCACCCCTCGCCGTGGGCCAGTGTGAGGGGCCGGCTGCGACACGCTCGAGCCGCGCTGACACGCTCCGCCCATCGCATGGACCGTGCAAGCCTGTGCTCACTGTCGCGGGTGGCTCGGACGCAGCGCCATGCACGACATGGCCGCCGGCATCCGTGGCGCAACGTCGCGCCGACCTCGCCCAACGCCGTAAGGGCCCAGCCCTGTCAGCACCAGAAGTGGTTCGGCGTTGGCAGGGATAGAGGGTGAGGGGG
Seq_27_LinJ.01_minus,1-112979r,99.614,259,629,259,0,1,372,629,1,259,1.71e-136,472,plus,GGGGTGAGGCGGCGGCGCACAGACACACACACACACACACACACGCACACACCTCCGTGCGTGGGGGGGGGGGTACCTCAGGCTGCAGGGCGCCCACCCACCCACCCACCCACCCCCCACTCCTCCCTCCGCCGTCCCGGCCCATGCCAGAACCACCTGTGGTGGCGACCAGGGCCGAGCATCTGTGACGTCAGGGAGTGCCCCGGCAGAGCGCGAGTTAGGGCTACGGACGTCAGCGGCCATGTCGTGCATGGCGCTG
Seq_27_LinJ.01_minus,1-136422d,97.692,260,629,461,1,2,372,626,8,267,1.34e-127,442,plus,GGGGTGGGGCGGCGGCGCACAGACACACACACACACACACACACACACGCACACACCTCCGTGCGTGGGGGGGGGGGTACCTCAGGCTGCAGGGCGCCCACCCACCCACCCACCCACCCCCCACTCCTCCCTCCGCCGTCCCGGCCCATGCCAGAACCACCTGTGGTGGCGACCAGGGCCGAGCATCTGTGACGTCAGGGAGTGCCCCGGCAGAGCGCGAGTTAGGGCTACGGACGTCAGCGGCCATGTCGTGCATGGCG
Seq_27_LinJ.01_minus,1-129494r,98.387,248,629,447,0,1,379,626,10,253,8.08e-125,433,plus,GGCGGCGGCGCACAGACACACACACACACACACACACGCACACACCTCCGTGCGTGGGGGGGGGGTACCTCAGGCTGCAGGGCG----CCCACCCACCCACCCACCCCCCACTCCTCCCTCCGCCGTCCCGGCCCATGCCAGAACCACCTGTGGTGGCGACCAGGGCCGAGCATCTGTGACGTCAGGGAGTGCCCCGGCAGAGCGCGAGTTAGGGCTACGGACGTCAGCGGCCATGTCGTGCATGGCG
Seq_27_LinJ.01_minus,1-204526d,95.556,225,629,432,0,2,403,626,24,239,2.33e-100,351,plus,CACACACACACACGCACACACCTCCGTGCGTGGGGGGGGGGGTACCTCAGGCTGCAGGGCGCCCACCCACCC---------CCCCCCACTCCTCCCTCCGCCGTCCCGGCCCATGCCAGAACCACCTGTGGTGGCGACCAGGGCCGAGCATCTGTGACGTCAGGGAGTGCCCCGGCAGAGCGCGAGTTAGGGCTACGGACGTCAGCGGCCATGTCGTGCATGGCG
Seq_29_LinJ.01_minus,1-129494r,100.000,351,628,447,0,0,278,628,1,351,0.0,649,plus,TGATGACGGGGCGGCGGCGCACAGACACACACACACACACACACACGCACACACCTCCGTGCGTGGGGGGGGGGTACCTCAGGCTGCAGGGCGCCCACCCACCCACCCACCCCCCACTCCTCCCTCCGCCGTCCCGGCCCATGCCAGAACCACCTGTGGTGGCGACCAGGGCCGAGCATCTGTGACGTCAGGGAGTGCCCCGGCAGAGCGCGAGTTAGGGCTACGGACGTCAGCGGCCATGTCGTGCATGGCGTTGCGTCGGGGCCACCCGCGACAGTGAGCGCAGGTTTGCACCGTCCATATGATGGGCAGAGCGTGCCAGCGCGGCTCGAGCGCATCGCGGCCGGCCCC
Seq_29_LinJ.01_minus,1-136422d,97.167,353,628,461,1,3,285,628,13,365,1.63e-171,588,plus,GGGGCGGCGGCGCACAGACACACACACACACACACACACACACGCACACACCTCCGTGCGTGGGGGGGGGGGTACCTCAGGCTGCAGGGCGCCCACCCACCCACCCACCCACCCCCCACTCCTCCCTCCGCCGTCCCGGCCCATGCCAGAACCACCTGTGGTGGCGACCAGGGCCGAGCATCTGTGACGTCAGGGAGTGCCCCGGCAGAGCGCGAGTTAGGGCTACGGACGTCAGCGGCCATGTCGTGCATGGCGTTGCGTCGGGGCCACCCGCGACAGTGAGCGCAGGTTTGCACCGTCCATATGATGGGCAGAGCGTGTCAGCGCGGCTCGAGCGCATCGCGGCCGGCCCC
Seq_29_LinJ.01_minus,1-204526d,97.806,319,628,432,1,2,311,628,24,337,9.93e-159,545,plus,CACACACACACACGCACACACCTCCGTGCGTGGGGGGGGGGGTACCTCAGGCTGCAGGGCGCCCACCCACCC-----CCCCCCACTCCTCCCTCCGCCGTCCCGGCCCATGCCAGAACCACCTGTGGTGGCGACCAGGGCCGAGCATCTGTGACGTCAGGGAGTGCCCCGGCAGAGCGCGAGTTAGGGCTACGGACGTCAGCGGCCATGTCGTGCATGGCGTTGCGTCGGGGCCACCCGCGACAGTGAGCGCAGGTTTGCACCGTCCATATGATGGGCAGAGCGTGTCAGCGCGGCTCGAGCGCATCGCGGCCGGCCCC
Seq_29_LinJ.01_minus,1-112979r,97.992,249,628,259,0,2,287,530,8,256,3.75e-123,427,plus,GGCGGCGGCGCACAGACACACACACACACACACACACGCACACACCTCCGTGCGTGGGGGGGGGGGTACCTCAGGCTGCAGGGCGCCCACCCACCCACCCACCCACCCCCCACTCCTCCCTCCGCCGTCCCGGCCCATGCCAGAACCACCTGTGGTGGCGACCAGGGCCGAGCATCTGTGACGTCAGGGAGTGCCCCGGCAGAGCGCGAGTTAGGGCTACGGACGTCAGCGGCCATGTCGTGCATGGCG
Seq_30_LinJ.01_minus,1-136422d,100.000,224,224,461,0,0,1,224,461,238,1.01e-119,414,minus,GCGTGAGGTCATCCCATCACGCCAACGCCGACTCTACGCCAGCCCTCAATAACCCTTCCACAGGCCCCTCCCCCACCCCCGGGTAGGCCAGTGTGAGGGGCCGGCCGCGATGCGCTCGAGCCGCGCTGACACGCTCTGCCCATCATATGGACGGTGCAAACCTGCGCTCACTGTCGCGGGTGGCCCCGACGCAACGCCATGCACGACATGGCCGCTGACGTCCG
Seq_30_LinJ.01_minus,1-204526d,100.000,217,224,432,0,0,8,224,426,210,7.88e-116,401,minus,GTCATCCCATCACGCCAACGCCGACTCTACGCCAGCCCTCAATAACCCTTCCACAGGCCCCTCCCCCACCCCCGGGTAGGCCAGTGTGAGGGGCCGGCCGCGATGCGCTCGAGCCGCGCTGACACGCTCTGCCCATCATATGGACGGTGCAAACCTGCGCTCACTGTCGCGGGTGGCCCCGACGCAACGCCATGCACGACATGGCCGCTGACGTCCG
Seq_30_LinJ.01_minus,1-129494r,98.214,224,224,447,4,0,1,224,447,224,4.75e-113,392,minus,GCGCGAAGTCATCCCATCACGCCAACGCCGACTCTACGCCAGCCCTCAATAACCCTTTCACAGGCCCCTCCCCCACCCCCGGGTAGGCCAGTGTGAGGGGCCGGCCGCGATGCGCTCGAGCCGCGCTGGCACGCTCTGCCCATCATATGGACGGTGCAAACCTGCGCTCACTGTCGCGGGTGGCCCCGACGCAACGCCATGCACGACATGGCCGCTGACGTCCG
Seq_30_LinJ.01_minus,1-112979r,100.000,30,224,259,0,0,195,224,256,227,7.07e-12,56.5,minus,CGCCATGCACGACATGGCCGCTGACGTCCG
Seq_31_LinJ.01_minus,1-204526d,100.000,223,237,432,0,0,15,237,432,210,3.87e-119,412,minus,CGCGAAGTCATCCCATCACGCCAACGCCGACTCTACGCCAGCCCTCAATAACCCTTCCACAGGCCCCTCCCCCACCCCCGGGTAGGCCAGTGTGAGGGGCCGGCCGCGATGCGCTCGAGCCGCGCTGACACGCTCTGCCCATCATATGGACGGTGCAAACCTGCGCTCACTGTCGCGGGTGGCCCCGACGCAACGCCATGCACGACATGGCCGCTGACGTCCG
Seq_31_LinJ.01_minus,1-136422d,100.000,217,237,461,0,0,21,237,454,238,8.37e-116,401,minus,GTCATCCCATCACGCCAACGCCGACTCTACGCCAGCCCTCAATAACCCTTCCACAGGCCCCTCCCCCACCCCCGGGTAGGCCAGTGTGAGGGGCCGGCCGCGATGCGCTCGAGCCGCGCTGACACGCTCTGCCCATCATATGGACGGTGCAAACCTGCGCTCACTGTCGCGGGTGGCCCCGACGCAACGCCATGCACGACATGGCCGCTGACGTCCG
Seq_31_LinJ.01_minus,1-129494r,99.103,223,237,447,2,0,15,237,446,224,8.37e-116,401,minus,CGCGAAGTCATCCCATCACGCCAACGCCGACTCTACGCCAGCCCTCAATAACCCTTTCACAGGCCCCTCCCCCACCCCCGGGTAGGCCAGTGTGAGGGGCCGGCCGCGATGCGCTCGAGCCGCGCTGGCACGCTCTGCCCATCATATGGACGGTGCAAACCTGCGCTCACTGTCGCGGGTGGCCCCGACGCAACGCCATGCACGACATGGCCGCTGACGTCCG
Seq_31_LinJ.01_minus,1-112979r,100.000,30,237,259,0,0,208,237,256,227,7.50e-12,56.5,minus,CGCCATGCACGACATGGCCGCTGACGTCCG
