lre_1.1,lre_1.2,lre_1.3,,,,,,,,,,,
lre_2.1,lre_2.2,lre_2.3,,,,,,,,,,,
lre_3.1,lre_3.2,lre_3.3,,,,,,,,,,,
lre_4.1,lre_4.2,,,,,,,,,,,,
lre_5.1,lre_5.2,,,,,,,,,,,,
lre_6.1,lre_6.2,,,,,,,,,,,,
lre_7.1,lre_7.2,lre_7.3,,,,,,,,,,,
lre_8.1,lre_8.2,,,,,,,,,,,,
lre_9.1,lre_9.2,lre_9.3,lre_9.4,,,,,,,,,,
lre_10.1,lre_10.2,lre_10.3,lre_10.4,lre_10.5,lre_10.6,lre_10.7,lre_10.8,lre_10.9,lre_10.10,lre_10.11,lre_10.12,lre_10.13,
lre_11.1,lre_11.2,lre_11.3,lre_11.4,lre_11.5,,,,,,,,,
lre_12.1,lre_12.2,lre_12.3,lre_12.4,,,,,,,,,,
lre_13.1,lre_13.2,lre_13.3,lre_13.4,,,,,,,,,,
lre_14.1,lre_14.2,,,,,,,,,,,,
lre_15.1,lre_15.2,lre_15.3,,,,,,,,,,,
lre_16.1,lre_16.2,lre_16.3,,,,,,,,,,,
lre_17.1,lre_17.2,,,,,,,,,,,,
lre_18.1,lre_18.2,,,,,,,,,,,,
lre_19.1,lre_19.2,lre_19.3,lre_19.4,lre_19.5,lre_19.6,,,,,,,,
lre_20.1,lre_20.2,,,,,,,,,,,,
lre_21.1,lre_21.2,lre_21.3,,,,,,,,,,,
lre_22.1,lre_22.2,lre_22.3,lre_22.4,lre_22.5,lre_22.6,,,,,,,,
lre_23.1,lre_23.2,,,,,,,,,,,,
lre_24.1,lre_24.2,,,,,,,,,,,,
lre_25.1,lre_25.2,,,,,,,,,,,,
lre_26.1,lre_26.2,lre_26.3,lre_26.4,,,,,,,,,,
lre_27.1,lre_27.2,,,,,,,,,,,,
lre_28.1,lre_28.2,,,,,,,,,,,,
lre_29.1,lre_29.2,,,,,,,,,,,,
lre_30.1,lre_30.2,,,,,,,,,,,,
lre_31.1,lre_31.2,lre_31.3,,,,,,,,,,,
lre_32.1,lre_32.2,,,,,,,,,,,,
lre_33.1,lre_33.2,lre_33.3,,,,,,,,,,,
lre_34.1,lre_34.2,,,,,,,,,,,,
lre_35.1,lre_35.2,,,,,,,,,,,,
lre_36.1,lre_36.2,lre_36.3,,,,,,,,,,,
lre_37.1,lre_37.2,lre_37.3,,,,,,,,,,,
lre_38.1,lre_38.2,lre_38.3,,,,,,,,,,,
lre_39.1,lre_39.2,,,,,,,,,,,,
lre_40.1,lre_40.2,,,,,,,,,,,,
lre_41.1,lre_41.2,,,,,,,,,,,,
lre_42.1,lre_42.2,lre_42.3,,,,,,,,,,,
lre_43.1,lre_43.2,,,,,,,,,,,,
lre_44.1,lre_44.2,lre_44.3,lre_44.4,lre_44.5,lre_44.6,lre_44.7,,,,,,,
lre_45.1,lre_45.2,,,,,,,,,,,,
lre_46.1,lre_46.2,,,,,,,,,,,,
lre_47.1,lre_47.2,,,,,,,,,,,,
lre_48.1,lre_48.2,,,,,,,,,,,,
lre_49.1,lre_49.2,,,,,,,,,,,,
lre_50.1,lre_50.2,lre_50.3,lre_50.4,,,,,,,,,,
lre_51.1,lre_51.2,lre_51.3,lre_51.4,,,,,,,,,,
lre_52.1,lre_52.2,lre_52.3,,,,,,,,,,,
lre_53.1,lre_53.2,,,,,,,,,,,,
lre_54.1,lre_54.2,,,,,,,,,,,,
lre_55.1,lre_55.2,,,,,,,,,,,,
lre_56.1,lre_56.2,,,,,,,,,,,,
lre_57.1,lre_57.2,lre_57.3,lre_57.4,,,,,,,,,,
lre_58.1,lre_58.2,lre_58.3,lre_58.4,lre_58.5,lre_58.6,,,,,,,,
lre_59.1,lre_59.2,,,,,,,,,,,,
lre_60.1,lre_60.2,,,,,,,,,,,,
lre_61.1,lre_61.2,,,,,,,,,,,,
lre_62.1,lre_62.2,,,,,,,,,,,,
lre_63.1,lre_63.2,lre_63.3,,,,,,,,,,,
lre_64.1,lre_64.2,lre_64.3,,,,,,,,,,,
lre_65.1,lre_65.2,lre_65.3,,,,,,,,,,,
lre_66.1,lre_66.2,,,,,,,,,,,,
lre_67.1,lre_67.2,,,,,,,,,,,,
lre_68.1,lre_68.2,lre_68.3,lre_68.4,,,,,,,,,,
lre_69.1,lre_69.2,,,,,,,,,,,,
lre_70.1,lre_70.2,lre_70.3,lre_70.4,lre_70.5,lre_70.6,,,,,,,,
lre_71.1,lre_71.2,lre_71.3,,,,,,,,,,,
lre_72.1,lre_72.2,lre_72.3,lre_72.4,lre_72.5,lre_72.6,lre_72.7,lre_72.8,lre_72.9,lre_72.10,lre_72.11,lre_72.12,lre_72.13,lre_72.14
lre_73.1,lre_73.2,lre_73.3,lre_73.4,lre_73.5,lre_73.6,lre_73.7,lre_73.8,lre_73.9,lre_73.10,,,,
lre_74.1,lre_74.2,lre_74.3,,,,,,,,,,,
lre_75.1,lre_75.2,lre_75.3,,,,,,,,,,,
lre_76.1,lre_76.2,,,,,,,,,,,,
lre_77.1,lre_77.2,lre_77.3,lre_77.4,lre_77.5,lre_77.6,,,,,,,,
lre_78.1,lre_78.2,lre_78.3,lre_78.4,lre_78.5,lre_78.6,lre_78.7,,,,,,,
lre_79.1,lre_79.2,lre_79.3,lre_79.4,lre_79.5,lre_79.6,lre_79.7,,,,,,,
lre_80.1,lre_80.2,lre_80.3,lre_80.4,,,,,,,,,,
lre_81.1,lre_81.2,lre_81.3,lre_81.4,lre_81.5,lre_81.6,lre_81.7,,,,,,,
lre_82.1,lre_82.2,,,,,,,,,,,,
lre_83.1,lre_83.2,,,,,,,,,,,,
lre_84.1,lre_84.2,,,,,,,,,,,,
lre_85.1,lre_85.2,,,,,,,,,,,,
lre_86.1,lre_86.2,,,,,,,,,,,,
lre_87.1,lre_87.2,,,,,,,,,,,,
lre_88.1,lre_88.2,,,,,,,,,,,,
lre_89.1,lre_89.2,,,,,,,,,,,,
lre_90.1,lre_90.2,,,,,,,,,,,,
lre_91.1,lre_91.2,,,,,,,,,,,,
lre_92.1,lre_92.2,,,,,,,,,,,,
lre_93.1,lre_93.2,lre_93.3,lre_93.4,,,,,,,,,,
lre_94.1,lre_94.2,lre_94.3,,,,,,,,,,,
lre_95.1,lre_95.2,,,,,,,,,,,,
lre_96.1,lre_96.2,lre_96.3,lre_96.4,,,,,,,,,,
lre_97.1,lre_97.2,lre_97.3,lre_97.4,lre_97.5,lre_97.6,lre_97.7,lre_97.8,,,,,,
lre_98.1,lre_98.2,,,,,,,,,,,,
lre_99.1,lre_99.2,lre_99.3,,,,,,,,,,,
lre_100.1,lre_100.2,,,,,,,,,,,,
