sre_c09.10A,sre_c09.310A,sre_c09.320A,,,,,,,,,
sre_c09.20,,,,,,,,,,,
sre_c09.30,,,,,,,,,,,
sre_c09.50B,sre_c09.70B,,,,,,,,,,
sre_c09.80,,,,,,,,,,,
sre_c09.90,,,,,,,,,,,
sre_c09.100,,,,,,,,,,,
sre_c09.110,,,,,,,,,,,
sre_c09.120C,sre_c09.130C,sre_c09.160C,,,,,,,,,
sre_c09.140,,,,,,,,,,,
sre_c09.40D,sre_c09.60D,sre_c09.150D,sre_c09.170D,sre_c09.180D,sre_c09.190D,sre_c09.200D,sre_c09.230D,sre_c09.240D,sre_c09.260D,sre_c09.270D,sre_c09.280D
sre_c09.210,,,,,,,,,,,
sre_c09.220,,,,,,,,,,,
sre_c09.250,,,,,,,,,,,
sre_c09.290,,,,,,,,,,,
sre_c09.300,,,,,,,,,,,
