1-24471d,LinJ.01,100.000,660,660,278267,0,0,1,660,24099,24758,0.0,1219,plus,GGCGGGGGAGGCGGGGGGCACGCACCTCCATGCGTGGCATCCCAGGGTCCAGCGCCCCCCCCCTCCACCCCCGCTCTCTCTGTGTACGGAAGCCCGGCAGCCCCCTCACCCTCTATCCCTGCCAACGCCGAACCACTTCTGGTGCTGACAGGGCTGGGCCCTTACGGCGTTGGGCGAGGTCGGCGCGACGTAGCGCCACGGATGCCGGCGGCCATGTCGTGCATGGCGCTGCGTCCGAGCCACCCGCGACAGTGAGCACAGGCTTGCACGGTCCATGCGATGGGCGGAGCGTGTCAGCGCGGCTCGAGCGTGTCGCAGCCGGCCCCTCACACTGGCCCACGGCGAGGGGTGCGGGGGCCTGAGTGTCACCGCGACGGGGAGACGCACCCAGGGAGGAGGTGGGGGGAGTGGGGACCGGCATGATGGAGGGGCGGCTGTGTGGCGATGTGTGTGTATGTGGGTGTCGTCGCGTTTGAGGCAGGAGCCGTGCTGCGACGACCGAGCCGGCGCACTGCTGCAGCGCGCGTGTGTCTTGCGCTGCTTCGCACCAGGCGATGAGAGTGGGGTGGGGTGCCTGCAGCACTCGGCGGCGGGGGGGTGCAGAGCGGCCTCCACCTCGCAGTGTGCGGCAGCGAAAACGGACACGCGGAAGAGCAAACA
1-24471d,LinJ.01,99.534,644,660,278267,3,0,17,660,55528,54885,0.0,1173,minus,GGCACGCACCTCCATGCGTGGCATCCCAGGGTCCAGCGCCCCCCCCCTCCACCCCCGCTCTCTCTGTGTACGGAAGCCCGGCAGCCCCCTCACCCTCTATCCCTGCCAACGCCGAACCACTTCTGGTGCTGACAGGGCTGGGCCCTTACGGCGTTGGGCGAGGTCGGCGCGACGTAGCGCCACGGATGCCGGCGGCCATGTCGTGCATGGCGCTGCGTCCGAGCCACCCGCGACAGTGAGCACAGGCTTGCACGGTCCATGCGATGGGCGGAGCGTGTCAGCGCGGCTCGAGCGTGTCGCAGCCGGCCCCTCACACTGGCCCACGGCGAGGGGTGCGGGGGCCTGAGTGTCACCGCGACGGGGAGACGCACCCAGGGAGGAGGTGGGGGGAGTGGGGACCGGCATGATGGAGGGGCGGCTGTGTGGCGATGTGTGTGTATGTGGGTGTCGTCGCGTTTGAGGCAGGAGCCGTGCTGCTATGACCGAGCCGGCGCACTGCTGCAGCGCGCGTGTGTCTTGCGCTGCTTCGCACCAGGCGATGAGAGTGGGGTGGGGTGCCTGCAGCACTCGGCGGCGGGGGGGTGCAGAGCGGCCTCCACCTCGCAGTGTGCGGCAGCGAAAACGGACACGCGGAAGACCAAACA
1-24471d,LinJ.01,99.192,619,660,278267,3,2,1,618,35933,35316,0.0,1114,minus,GGCGGGGGAGGCGGGGGGCACGCACCTCCATGCGTGGCATCCCAGGGTCCAGCGCCCCCCCCCCTCCACCCCCGCTCTCTCTGTGTACGGAAGCCCGGCAGCCCCCTCACCCTCTATCCCTGCCAACGCCGAACCACTTCTGGTGCTGACAGGGCTGGGCCCTTACGGCGTTGGGCGAGGTCGGCGCGACGTAGCGCCACGGATGCCGGCGGCCATGTCGTGCATGGCGCTGCGTCCGAGCCACCCGCGACAGTGAGCACAGGCTTGCACGGTCCATGCGATGGGCGGAGCGTGTCAGCGCGGCTCGAGCGTGTCGCAGCCGGCCCCTCACACTGGCCCACGGCGAGGGGTGCGGGGGCCTGAGTGTCACCGCGACGGGGAGACGCACCCATGGAGGAGGTGGGGGGAGTGGGGACCGGCATGATGGAGGGGCGGCTGTGTGGCGATGTGTGTGTATGTGGGTGTCGTCGCGTTTGAGGCAGGAGCCGTGCTGCGATGACCGAGCCGGCGCACTGCTGCAGCGCGCGTGTGTCTTGCGCTGCTTCGCACCAGGCGATGGGAGTGGGGTGGGGTGCCTGCAGCACTCGGCGGCGGGGGGG-GCAGAGCGGCCTCCACCTC
1-24471d,LinJ.01,98.441,449,660,278267,1,5,24,471,75923,76366,0.0,785,plus,ACCT-CA-GCGTGGCATCCCAGGGTCCAGCG--CCCCCCCTCCACCCCCGCTCTCTCTGTGTGCGGAAGCCCGGCAGCCCCCTCACCCTCTATCCCTGCCAACGCCGAACCACTTCTGGTGCTGACAGGGCTGGGCCCTTACGGCGTTGGGCGAGGTCGGCGCGACGTAGCGCCACGGATGCCGGCGGCCATGTCGTGCATGGCGCTGCGTCCGAGCCACCCGCGACAGTGAGCACAGGCTTGCACGGTCCATGCGATGGGCGGAGCGTGTCAGCGCGGCTCGAGCGTGTCGCAGCCGGCCCCTCACACTGGCCCACGGCGAGGGGTGCGGGGGCCTGAGTGTCACCGCGACGGGGAGACGCACCCAGGGAGGAGGTGGGGGGAGTGGGGACCGGCATGATGGAGGGGCGGCTGTGTGGCGATGTGTGTGTATGTGGGTGTGCG-CGCG
1-24471d,LinJ.01,86.207,174,660,278267,21,3,183,356,137679,137849,1.48e-47,185,plus,GCGCGAGTTAGGGCTACGGACGTCAGCGGCCATGTCGTGCATGGCGTTGCGTCGGGGCCACCCGCGACAGTGAGCGCAGGTTTGCACCGTCCATATGATGGGCAGAGCGTGTCAGCGCGGCTCGAGCGCATCGCGGCCGGCCCCTCACACTGGCCTACC-CG-GGGGTG-GGGG
1-24471d,LinJ.01,86.207,174,660,278267,21,3,183,356,205751,205921,1.48e-47,185,plus,GCGCGAGTTAGGGCTACGGACGTCAGCGGCCATGTCGTGCATGGCGTTGCGTCGGGGCCACCCGCGACAGTGAGCGCAGGTTTGCACCGTCCATATGATGGGCAGAGCGTGTCAGCGCGGCTCGAGCGCATCGCGGCCGGCCCCTCACACTGGCCTACC-CG-GGGGTG-GGGG
1-24471d,LinJ.01,85.632,174,660,278267,22,3,183,356,130370,130200,6.89e-46,180,minus,GCGCGAGTTAGGGCTACGGACGTCAGCGGCCATGTCGTGCATGGCGTTGCGTCGGGGCCACCCGCGACAGTGAGCGCAGGTTTGCACCGTCCATATGATGGGCAGAGCGTGCCAGCGCGGCTCGAGCGCATCGCGGCCGGCCCCTCACACTGGCCTACC-CG-GGGGTG-GGGG
1-24471d,LinJ.01,85.714,49,660,278267,7,0,183,231,113808,113760,1.57e-07,52.8,minus,GCGCGAGTTAGGGCTACGGACGTCAGCGGCCATGTCGTGCATGGCGCTG
1-24471d,LinJ.01,95.000,20,660,278267,1,0,445,464,123495,123514,0.20,32.5,plus,ATGTGTGTGTATGTGTGTGT
1-24471d,LinJ.01,100.000,16,660,278267,0,0,419,434,7325,7340,0.73,30.7,plus,CATGATGGAGGGGCGG
1-24471d,LinJ.01,91.304,23,660,278267,1,1,441,463,17440,17461,0.73,30.7,plus,GGCG-TTTGTGTGTATGTGGGTG
1-24471d,LinJ.01,100.000,15,660,278267,0,0,390,404,56805,56819,2.6,28.8,plus,AGGGAGGAGGTGGGG
1-24471d,LinJ.01,100.000,15,660,278267,0,0,74,88,71080,71066,2.6,28.8,minus,CTCTCTCTGTGTACG
1-24471d,LinJ.01,100.000,15,660,278267,0,0,485,499,88060,88074,2.6,28.8,plus,CCGTGCTGCGACGAC
1-24471d,LinJ.01,100.000,15,660,278267,0,0,444,458,123530,123544,2.6,28.8,plus,GATGTGTGTGTATGT
1-36305r,LinJ.01,99.517,621,621,278267,3,0,1,621,35933,35313,0.0,1131,minus,GGCGGGGGAGGCGGGGGGCACGCACCTCCATGCGTGGCATCCCAGGGTCCAGCGCCCCCCCCCCTCCACCCCCGCTCTCTCTGTGTACGGAAGCCCGGCAGCCCCCTCACCCTCTATCCCTGCCAACGCCGAACCACTTCTGGTGCTGACAGGGCTGGGCCCTTACGGCGTTGGGCGAGGTCGGCGCGACGTAGCGCCACGGATGCCGGCGGCCATGTCGTGCATGGCGCTGCGTCCGAGCCACCCGCGACAGTGAGCACAGGCTTGCACGGTCCATGCGATGGGCGGAGCGTGTCAGCGCGGCTCGAGCGTGTCGCAGCCGGCCCCTCACACTGGCCCACGGCGAGGGGTGCGGGGGCCTGAGTGTCACCGCGACGGGGAGACGCACCCATGGAGGAGGTGGGGGGAGTGGGGACCGGCATGATGGAGGGGCGGCTGTGTGGCGATGTGTGTGTATGTGGGTGTCGTCGCGTTTGAGGCAGGAGCCGTGCTGCGATGACCGAGCCGGCGCACTGCTGCAGCGCGCGTGTGTCTTGCGCTGCTTCGCACCAGGCGATGGGAGTGGGGTGGGGTGCCTGCAGCACTCGGCGGCGGGGGGGGCAGAGCGGCCTCCACCTCTCC
1-36305r,LinJ.01,98.708,619,621,278267,6,2,1,618,24099,24716,0.0,1098,plus,GGCGGGGGAGGCGGGGGGCACGCACCTCCATGCGTGGCATCCCAGGGTCCAGCG-CCCCCCCCCTCCACCCCCGCTCTCTCTGTGTACGGAAGCCCGGCAGCCCCCTCACCCTCTATCCCTGCCAACGCCGAACCACTTCTGGTGCTGACAGGGCTGGGCCCTTACGGCGTTGGGCGAGGTCGGCGCGACGTAGCGCCACGGATGCCGGCGGCCATGTCGTGCATGGCGCTGCGTCCGAGCCACCCGCGACAGTGAGCACAGGCTTGCACGGTCCATGCGATGGGCGGAGCGTGTCAGCGCGGCTCGAGCGTGTCGCAGCCGGCCCCTCACACTGGCCCACGGCGAGGGGTGCGGGGGCCTGAGTGTCACCGCGACGGGGAGACGCACCCAGGGAGGAGGTGGGGGGAGTGGGGACCGGCATGATGGAGGGGCGGCTGTGTGGCGATGTGTGTGTATGTGGGTGTCGTCGCGTTTGAGGCAGGAGCCGTGCTGCGACGACCGAGCCGGCGCACTGCTGCAGCGCGCGTGTGTCTTGCGCTGCTTCGCACCAGGCGATGAGAGTGGGGTGGGGTGCCTGCAGCACTCGGCGGCGGGGGGGTGCAGAGCGGCCTCCACCTC
1-36305r,LinJ.01,98.673,603,621,278267,6,2,17,618,55528,54927,0.0,1068,minus,GGCACGCACCTCCATGCGTGGCATCCCAGGGTCCAGCGCCCCCCCCC-TCCACCCCCGCTCTCTCTGTGTACGGAAGCCCGGCAGCCCCCTCACCCTCTATCCCTGCCAACGCCGAACCACTTCTGGTGCTGACAGGGCTGGGCCCTTACGGCGTTGGGCGAGGTCGGCGCGACGTAGCGCCACGGATGCCGGCGGCCATGTCGTGCATGGCGCTGCGTCCGAGCCACCCGCGACAGTGAGCACAGGCTTGCACGGTCCATGCGATGGGCGGAGCGTGTCAGCGCGGCTCGAGCGTGTCGCAGCCGGCCCCTCACACTGGCCCACGGCGAGGGGTGCGGGGGCCTGAGTGTCACCGCGACGGGGAGACGCACCCAGGGAGGAGGTGGGGGGAGTGGGGACCGGCATGATGGAGGGGCGGCTGTGTGGCGATGTGTGTGTATGTGGGTGTCGTCGCGTTTGAGGCAGGAGCCGTGCTGCTATGACCGAGCCGGCGCACTGCTGCAGCGCGCGTGTGTCTTGCGCTGCTTCGCACCAGGCGATGAGAGTGGGGTGGGGTGCCTGCAGCACTCGGCGGCGGGGGGGTGCAGAGCGGCCTCCACCTC
1-36305r,LinJ.01,97.333,450,621,278267,5,5,24,472,75923,76366,0.0,758,plus,ACCT-CA-GCGTGGCATCCCAGGGTCCAGCG---CCCCCCCTCCACCCCCGCTCTCTCTGTGTGCGGAAGCCCGGCAGCCCCCTCACCCTCTATCCCTGCCAACGCCGAACCACTTCTGGTGCTGACAGGGCTGGGCCCTTACGGCGTTGGGCGAGGTCGGCGCGACGTAGCGCCACGGATGCCGGCGGCCATGTCGTGCATGGCGCTGCGTCCGAGCCACCCGCGACAGTGAGCACAGGCTTGCACGGTCCATGCGATGGGCGGAGCGTGTCAGCGCGGCTCGAGCGTGTCGCAGCCGGCCCCTCACACTGGCCCACGGCGAGGGGTGCGGGGGCCTGAGTGTCACCGCGACGGGGAGACGCACCCAGGGAGGAGGTGGGGGGAGTGGGGACCGGCATGATGGAGGGGCGGCTGTGTGGCGATGTGTGTGTATGTGGGTGTGCG-CGCG
1-36305r,LinJ.01,86.286,175,621,278267,19,5,184,357,137679,137849,1.39e-47,185,plus,GCGCGA-GTTAGGGCTACGGACGTCAGCGGCCATGTCGTGCATGGCGTTGCGTCGGGGCCACCCGCGACAGTGAGCGCAGGTTTGCACCGTCCATATGATGGGCAGAGCGTGTCAGCGCGGCTCGAGCGCATCGCGGCCGGCCCCTCACACTGGCCTACC-CG-GGGGTG-GGGG
1-36305r,LinJ.01,86.286,175,621,278267,19,5,184,357,205751,205921,1.39e-47,185,plus,GCGCGA-GTTAGGGCTACGGACGTCAGCGGCCATGTCGTGCATGGCGTTGCGTCGGGGCCACCCGCGACAGTGAGCGCAGGTTTGCACCGTCCATATGATGGGCAGAGCGTGTCAGCGCGGCTCGAGCGCATCGCGGCCGGCCCCTCACACTGGCCTACC-CG-GGGGTG-GGGG
1-36305r,LinJ.01,85.714,175,621,278267,20,5,184,357,130370,130200,6.47e-46,180,minus,GCGCGA-GTTAGGGCTACGGACGTCAGCGGCCATGTCGTGCATGGCGTTGCGTCGGGGCCACCCGCGACAGTGAGCGCAGGTTTGCACCGTCCATATGATGGGCAGAGCGTGCCAGCGCGGCTCGAGCGCATCGCGGCCGGCCCCTCACACTGGCCTACC-CG-GGGGTG-GGGG
1-36305r,LinJ.01,86.000,50,621,278267,5,2,184,232,113808,113760,1.47e-07,52.8,minus,GCGCGA-GTTAGGGCTACGGACGTCAGCGGCCATGTCGTGCATGGCGCTG
1-36305r,LinJ.01,95.000,20,621,278267,1,0,446,465,123495,123514,0.19,32.5,plus,ATGTGTGTGTATGTGTGTGT
1-36305r,LinJ.01,91.304,23,621,278267,1,1,442,464,17440,17461,0.69,30.7,plus,GGCG-TTTGTGTGTATGTGGGTG
1-36305r,LinJ.01,100.000,16,621,278267,0,0,558,573,211635,211620,0.69,30.7,minus,GGGAGTGGGGTGGGGT
1-36305r,LinJ.01,100.000,15,621,278267,0,0,75,89,71080,71066,2.5,28.8,minus,CTCTCTCTGTGTACG
1-36305r,LinJ.01,100.000,15,621,278267,0,0,416,430,76796,76782,2.5,28.8,minus,CCGGCAAGATGGAGG
1-36305r,LinJ.01,100.000,15,621,278267,0,0,445,459,123530,123544,2.5,28.8,plus,GATGTGTGTGTATGT
1-36305r,LinJ.01,100.000,15,621,278267,0,0,192,206,224039,224025,2.5,28.8,minus,TTGCGCCACGGATGC
1-55910r,LinJ.01,99.846,650,650,278267,0,1,1,650,55533,54885,0.0,1194,minus,CGGAAGGCACGCACCTCCATGCGTGGCATCCCAGGGTCCAGCGCCCCCCCCC-TCCACCCCCGCTCTCTCTGTGTACGGAAGCCCGGCAGCCCCCTCACCCTCTATCCCTGCCAACGCCGAACCACTTCTGGTGCTGACAGGGCTGGGCCCTTACGGCGTTGGGCGAGGTCGGCGCGACGTAGCGCCACGGATGCCGGCGGCCATGTCGTGCATGGCGCTGCGTCCGAGCCACCCGCGACAGTGAGCACAGGCTTGCACGGTCCATGCGATGGGCGGAGCGTGTCAGCGCGGCTCGAGCGTGTCGCAGCCGGCCCCTCACACTGGCCCACGGCGAGGGGTGCGGGGGCCTGAGTGTCACCGCGACGGGGAGACGCACCCAGGGAGGAGGTGGGGGGAGTGGGGACCGGCATGATGGAGGGGCGGCTGTGTGGCGATGTGTGTGTATGTGGGTGTCGTCGCGTTTGAGGCAGGAGCCGTGCTGCTATGACCGAGCCGGCGCACTGCTGCAGCGCGCGTGTGTCTTGCGCTGCTTCGCACCAGGCGATGAGAGTGGGGTGGGGTGCCTGCAGCACTCGGCGGCGGGGGGGTGCAGAGCGGCCTCCACCTCGCAGTGTGCGGCAGCGAAAACGGACACGCGGAAGACCAAACA
1-55910r,LinJ.01,99.380,645,650,278267,3,1,6,650,24115,24758,0.0,1168,plus,GGCACGCACCTCCATGCGTGGCATCCCAGGGTCCAGCG-CCCCCCCCCTCCACCCCCGCTCTCTCTGTGTACGGAAGCCCGGCAGCCCCCTCACCCTCTATCCCTGCCAACGCCGAACCACTTCTGGTGCTGACAGGGCTGGGCCCTTACGGCGTTGGGCGAGGTCGGCGCGACGTAGCGCCACGGATGCCGGCGGCCATGTCGTGCATGGCGCTGCGTCCGAGCCACCCGCGACAGTGAGCACAGGCTTGCACGGTCCATGCGATGGGCGGAGCGTGTCAGCGCGGCTCGAGCGTGTCGCAGCCGGCCCCTCACACTGGCCCACGGCGAGGGGTGCGGGGGCCTGAGTGTCACCGCGACGGGGAGACGCACCCAGGGAGGAGGTGGGGGGAGTGGGGACCGGCATGATGGAGGGGCGGCTGTGTGGCGATGTGTGTGTATGTGGGTGTCGTCGCGTTTGAGGCAGGAGCCGTGCTGCGACGACCGAGCCGGCGCACTGCTGCAGCGCGCGTGTGTCTTGCGCTGCTTCGCACCAGGCGATGAGAGTGGGGTGGGGTGCCTGCAGCACTCGGCGGCGGGGGGGTGCAGAGCGGCCTCCACCTCGCAGTGTGCGGCAGCGAAAACGGACACGCGGAAGAGCAAACA
1-55910r,LinJ.01,99.337,603,650,278267,3,1,6,608,35917,35316,0.0,1090,minus,GGCACGCACCTCCATGCGTGGCATCCCAGGGTCCAGCGCCCCCCCCCCTCCACCCCCGCTCTCTCTGTGTACGGAAGCCCGGCAGCCCCCTCACCCTCTATCCCTGCCAACGCCGAACCACTTCTGGTGCTGACAGGGCTGGGCCCTTACGGCGTTGGGCGAGGTCGGCGCGACGTAGCGCCACGGATGCCGGCGGCCATGTCGTGCATGGCGCTGCGTCCGAGCCACCCGCGACAGTGAGCACAGGCTTGCACGGTCCATGCGATGGGCGGAGCGTGTCAGCGCGGCTCGAGCGTGTCGCAGCCGGCCCCTCACACTGGCCCACGGCGAGGGGTGCGGGGGCCTGAGTGTCACCGCGACGGGGAGACGCACCCATGGAGGAGGTGGGGGGAGTGGGGACCGGCATGATGGAGGGGCGGCTGTGTGGCGATGTGTGTGTATGTGGGTGTCGTCGCGTTTGAGGCAGGAGCCGTGCTGCGATGACCGAGCCGGCGCACTGCTGCAGCGCGCGTGTGTCTTGCGCTGCTTCGCACCAGGCGATGGGAGTGGGGTGGGGTGCCTGCAGCACTCGGCGGCGGGGGGG-GCAGAGCGGCCTCCACCTC
1-55910r,LinJ.01,98.222,450,650,278267,1,5,13,461,75923,76366,0.0,780,plus,ACCT-CA-GCGTGGCATCCCAGGGTCCAGCG---CCCCCCCTCCACCCCCGCTCTCTCTGTGTGCGGAAGCCCGGCAGCCCCCTCACCCTCTATCCCTGCCAACGCCGAACCACTTCTGGTGCTGACAGGGCTGGGCCCTTACGGCGTTGGGCGAGGTCGGCGCGACGTAGCGCCACGGATGCCGGCGGCCATGTCGTGCATGGCGCTGCGTCCGAGCCACCCGCGACAGTGAGCACAGGCTTGCACGGTCCATGCGATGGGCGGAGCGTGTCAGCGCGGCTCGAGCGTGTCGCAGCCGGCCCCTCACACTGGCCCACGGCGAGGGGTGCGGGGGCCTGAGTGTCACCGCGACGGGGAGACGCACCCAGGGAGGAGGTGGGGGGAGTGGGGACCGGCATGATGGAGGGGCGGCTGTGTGGCGATGTGTGTGTATGTGGGTGTGCG-CGCG
1-55910r,LinJ.01,86.207,174,650,278267,21,3,173,346,137679,137849,1.46e-47,185,plus,GCGCGAGTTAGGGCTACGGACGTCAGCGGCCATGTCGTGCATGGCGTTGCGTCGGGGCCACCCGCGACAGTGAGCGCAGGTTTGCACCGTCCATATGATGGGCAGAGCGTGTCAGCGCGGCTCGAGCGCATCGCGGCCGGCCCCTCACACTGGCCTACC-CG-GGGGTG-GGGG
1-55910r,LinJ.01,86.207,174,650,278267,21,3,173,346,205751,205921,1.46e-47,185,plus,GCGCGAGTTAGGGCTACGGACGTCAGCGGCCATGTCGTGCATGGCGTTGCGTCGGGGCCACCCGCGACAGTGAGCGCAGGTTTGCACCGTCCATATGATGGGCAGAGCGTGTCAGCGCGGCTCGAGCGCATCGCGGCCGGCCCCTCACACTGGCCTACC-CG-GGGGTG-GGGG
1-55910r,LinJ.01,85.632,174,650,278267,22,3,173,346,130370,130200,6.78e-46,180,minus,GCGCGAGTTAGGGCTACGGACGTCAGCGGCCATGTCGTGCATGGCGTTGCGTCGGGGCCACCCGCGACAGTGAGCGCAGGTTTGCACCGTCCATATGATGGGCAGAGCGTGCCAGCGCGGCTCGAGCGCATCGCGGCCGGCCCCTCACACTGGCCTACC-CG-GGGGTG-GGGG
1-55910r,LinJ.01,85.714,49,650,278267,7,0,173,221,113808,113760,1.54e-07,52.8,minus,GCGCGAGTTAGGGCTACGGACGTCAGCGGCCATGTCGTGCATGGCGCTG
1-55910r,LinJ.01,95.000,20,650,278267,1,0,435,454,123495,123514,0.20,32.5,plus,ATGTGTGTGTATGTGTGTGT
1-55910r,LinJ.01,100.000,16,650,278267,0,0,409,424,7325,7340,0.72,30.7,plus,CATGATGGAGGGGCGG
1-55910r,LinJ.01,91.304,23,650,278267,1,1,431,453,17440,17461,0.72,30.7,plus,GGCG-TTTGTGTGTATGTGGGTG
1-55910r,LinJ.01,100.000,15,650,278267,0,0,380,394,56805,56819,2.6,28.8,plus,AGGGAGGAGGTGGGG
1-55910r,LinJ.01,100.000,15,650,278267,0,0,64,78,71080,71066,2.6,28.8,minus,CTCTCTCTGTGTACG
1-55910r,LinJ.01,100.000,15,650,278267,0,0,434,448,123530,123544,2.6,28.8,plus,GATGTGTGTGTATGT
1-112979r,LinJ.01,99.614,259,259,278267,0,1,1,259,114017,113760,3.80e-134,472,minus,GGGGTGAGGCGGCGGCGCACAGACACACACACACACACACACACGCACACACCTCCGTGCGTGGGGGGGGGG-TACCTCAGGCTGCAGGGCGCCCACCCACCCACCCACCCACCCCCCACTCCTCCCTCCGCCGTCCCGGCCCATGCCAGAACCACCTGTGGTGGCGACCAGGGCCGAGCATCTGTGACGTCAGGGAGTGCCCCGGCAGAGCGCGAGTTAGGGCTACGGACGTCAGCGGCCATGTCGTGCATGGCGCTG
1-112979r,LinJ.01,98.077,260,259,278267,1,1,1,256,137465,137724,1.78e-127,449,plus,GGGGTGGGGCGGCGGCGCACAGACACACACACACACACACACACACACGCACACACCTCCGTGCGTGGGGGGGGGGGTACCTCAGGCTGCAGGGCGCCCACCCACCCACCCACCCACCCCCCACTCCTCCCTCCGCCGTCCCGGCCCATGCCAGAACCACCTGTGGTGGCGACCAGGGCCGAGCATCTGTGACGTCAGGGAGTGCCCCGGCAGAGCGCGAGTTAGGGCTACGGACGTCAGCGGCCATGTCGTGCATGGCG
1-112979r,LinJ.01,97.619,252,259,278267,1,2,8,259,130568,130322,8.33e-121,427,minus,GGCGGCGGCGCACAGACACACACACACACACACACACGCACACACCTCCGTGCGTGGGGGGGGGG-TACCTCAGGCTGCAGGGCGCCCACCCACCCACCCACCC----CCCACTCCTCCCTCCGCCGTCCCGGCCCATGCCAGAACCACCTGTGGTGGCGACCAGGGCCGAGCATCTGTGACGTCAGGGAGTGCCCCGGCAGAGCGCGAGTTAGGGCTACGGACGTCAGCGGCCATGTCGTGCATGGCGTTG
1-112979r,LinJ.01,96.000,225,259,278267,0,1,32,256,205581,205796,1.11e-99,357,plus,CACACACACACACGCACACACCTCCGTGCGTGGGGGGGGGGGTACCTCAGGCTGCAGGGCGCCCACCCACCC---------CCCCCCACTCCTCCCTCCGCCGTCCCGGCCCATGCCAGAACCACCTGTGGTGGCGACCAGGGCCGAGCATCTGTGACGTCAGGGAGTGCCCCGGCAGAGCGCGAGTTAGGGCTACGGACGTCAGCGGCCATGTCGTGCATGGCG
1-112979r,LinJ.01,85.714,49,259,278267,7,0,211,259,24281,24329,5.86e-08,52.8,plus,GCGCGACGTAGCGCCACGGATGCCGGCGGCCATGTCGTGCATGGCGCTG
1-112979r,LinJ.01,85.714,49,259,278267,7,0,211,259,35750,35702,5.86e-08,52.8,minus,GCGCGACGTAGCGCCACGGATGCCGGCGGCCATGTCGTGCATGGCGCTG
1-112979r,LinJ.01,85.714,49,259,278267,7,0,211,259,55362,55314,5.86e-08,52.8,minus,GCGCGACGTAGCGCCACGGATGCCGGCGGCCATGTCGTGCATGGCGCTG
1-112979r,LinJ.01,85.714,49,259,278267,7,0,211,259,76078,76126,5.86e-08,52.8,plus,GCGCGACGTAGCGCCACGGATGCCGGCGGCCATGTCGTGCATGGCGCTG
1-112979r,LinJ.01,100.000,15,259,278267,0,0,6,20,58284,58270,0.99,28.8,minus,GAGGCGGCGGCGCAC
1-129494r,LinJ.01,100.000,447,447,278267,0,0,1,447,130577,130131,0.0,826,minus,TGATGACGGGGCGGCGGCGCACAGACACACACACACACACACACACGCACACACCTCCGTGCGTGGGGGGGGGGTACCTCAGGCTGCAGGGCGCCCACCCACCCACCCACCCCCCACTCCTCCCTCCGCCGTCCCGGCCCATGCCAGAACCACCTGTGGTGGCGACCAGGGCCGAGCATCTGTGACGTCAGGGAGTGCCCCGGCAGAGCGCGAGTTAGGGCTACGGACGTCAGCGGCCATGTCGTGCATGGCGTTGCGTCGGGGCCACCCGCGACAGTGAGCGCAGGTTTGCACCGTCCATATGATGGGCAGAGCGTGCCAGCGCGGCTCGAGCGCATCGCGGCCGGCCCCTCACACTGGCCTACCCGGGGGTGGGGGAGGGGCCTGTGAAAGGGTTATTGAGGGCTGGCGTAGAGTCGGCGTTGGCGTGATGGGATGACTTCGCGC
1-129494r,LinJ.01,97.105,449,447,278267,4,3,8,447,137470,137918,0.0,749,plus,GGGGCGGCGGCGCACAGACACACACACACACACACACACACACGCACACACCTCCGTGCGTGGGGGGGGGGGTACCTCAGGCTGCAGGGCGCCCACCCACCCACCCACCCACCCCCCACTCCTCCCTCCGCCGTCCCGGCCCATGCCAGAACCACCTGTGGTGGCGACCAGGGCCGAGCATCTGTGACGTCAGGGAGTGCCCCGGCAGAGCGCGAGTTAGGGCTACGGACGTCAGCGGCCATGTCGTGCATGGCGTTGCGTCGGGGCCACCCGCGACAGTGAGCGCAGGTTTGCACCGTCCATATGATGGGCAGAGCGTGTCAGCGCGGCTCGAGCGCATCGCGGCCGGCCCCTCACACTGGCCTACCCGGGGGTGGGGGAGGGGCCTGTGGAAGGGTTATTGAGGGCTGGCGTAGAGTCGGCGTTGGCGTGATGGGATGACCTCACGC
1-129494r,LinJ.01,98.068,414,447,278267,2,2,34,446,205581,205989,0.0,715,plus,CACACACACACACGCACACACCTCCGTGCGTGGGGGGGGGGGTACCTCAGGCTGCAGGGCGCCCACCCACCC-----CCCCCCACTCCTCCCTCCGCCGTCCCGGCCCATGCCAGAACCACCTGTGGTGGCGACCAGGGCCGAGCATCTGTGACGTCAGGGAGTGCCCCGGCAGAGCGCGAGTTAGGGCTACGGACGTCAGCGGCCATGTCGTGCATGGCGTTGCGTCGGGGCCACCCGCGACAGTGAGCGCAGGTTTGCACCGTCCATATGATGGGCAGAGCGTGTCAGCGCGGCTCGAGCGCATCGCGGCCGGCCCCTCACACTGGCCTACCCGGGGGTGGGGGAGGGGCCTGTGGAAGGGTTATTGAGGGCTGGCGTAGAGTCGGCGTTGGCGTGATGGGATGACTTCGCG
1-129494r,LinJ.01,98.008,251,447,278267,1,1,10,256,114010,113760,3.19e-122,433,minus,GGCGGCGGCGCACAGACACACACACACACACACACACGCACACACCTCCGTGCGTGGGGGGGGGGTACCTCAGGCTGCAGGGCGCCCACCCACCCACCCACCCACCCCCCACTCCTCCCTCCGCCGTCCCGGCCCATGCCAGAACCACCTGTGGTGGCGACCAGGGCCGAGCATCTGTGACGTCAGGGAGTGCCCCGGCAGAGCGCGAGTTAGGGCTACGGACGTCAGCGGCCATGTCGTGCATGGCGCTG
1-129494r,LinJ.01,85.632,174,447,278267,22,3,208,378,24281,24454,4.59e-46,180,plus,GCGCGACGTAGCGCCACGGATGCCGGCGGCCATGTCGTGCATGGCGCTGCGTCCGAGCCACCCGCGACAGTGAGCACAGGCTTGCACGGTCCATGCGATGGGCGGAGCGTGTCAGCGCGGCTCGAGCGTGTCGCAGCCGGCCCCTCACACTGGCCCACGGCGAGGGGTGCGGGG
1-129494r,LinJ.01,85.632,174,447,278267,22,3,208,378,35750,35577,4.59e-46,180,minus,GCGCGACGTAGCGCCACGGATGCCGGCGGCCATGTCGTGCATGGCGCTGCGTCCGAGCCACCCGCGACAGTGAGCACAGGCTTGCACGGTCCATGCGATGGGCGGAGCGTGTCAGCGCGGCTCGAGCGTGTCGCAGCCGGCCCCTCACACTGGCCCACGGCGAGGGGTGCGGGG
1-129494r,LinJ.01,85.632,174,447,278267,22,3,208,378,55362,55189,4.59e-46,180,minus,GCGCGACGTAGCGCCACGGATGCCGGCGGCCATGTCGTGCATGGCGCTGCGTCCGAGCCACCCGCGACAGTGAGCACAGGCTTGCACGGTCCATGCGATGGGCGGAGCGTGTCAGCGCGGCTCGAGCGTGTCGCAGCCGGCCCCTCACACTGGCCCACGGCGAGGGGTGCGGGG
1-129494r,LinJ.01,85.632,174,447,278267,22,3,208,378,76078,76251,4.59e-46,180,plus,GCGCGACGTAGCGCCACGGATGCCGGCGGCCATGTCGTGCATGGCGCTGCGTCCGAGCCACCCGCGACAGTGAGCACAGGCTTGCACGGTCCATGCGATGGGCGGAGCGTGTCAGCGCGGCTCGAGCGTGTCGCAGCCGGCCCCTCACACTGGCCCACGGCGAGGGGTGCGGGG
1-129494r,LinJ.01,100.000,16,447,278267,0,0,8,23,205569,205584,0.49,30.7,plus,GGGGCGGCGGCGCACA
1-129494r,LinJ.01,100.000,15,447,278267,0,0,255,269,218165,218151,1.8,28.8,minus,TGCGTCGGGGCCACC
1-136422d,LinJ.01,100.000,461,461,278267,0,0,1,461,137458,137918,0.0,852,plus,TGACGACGGGGTGGGGCGGCGGCGCACAGACACACACACACACACACACACACACGCACACACCTCCGTGCGTGGGGGGGGGGGTACCTCAGGCTGCAGGGCGCCCACCCACCCACCCACCCACCCCCCACTCCTCCCTCCGCCGTCCCGGCCCATGCCAGAACCACCTGTGGTGGCGACCAGGGCCGAGCATCTGTGACGTCAGGGAGTGCCCCGGCAGAGCGCGAGTTAGGGCTACGGACGTCAGCGGCCATGTCGTGCATGGCGTTGCGTCGGGGCCACCCGCGACAGTGAGCGCAGGTTTGCACCGTCCATATGATGGGCAGAGCGTGTCAGCGCGGCTCGAGCGCATCGCGGCCGGCCCCTCACACTGGCCTACCCGGGGGTGGGGGAGGGGCCTGTGGAAGGGTTATTGAGGGCTGGCGTAGAGTCGGCGTTGGCGTGATGGGATGACCTCACGC
1-136422d,LinJ.01,97.105,449,461,278267,4,3,13,461,130570,130131,0.0,749,minus,GGGGCGGCGGCGCACAGACACACACACACACACACACAC----GCACACACCTCCGTGCGTGGGGGGGGGG-TACCTCAGGCTGCAGGGCGCCCACCCACCCACCCACCC----CCCACTCCTCCCTCCGCCGTCCCGGCCCATGCCAGAACCACCTGTGGTGGCGACCAGGGCCGAGCATCTGTGACGTCAGGGAGTGCCCCGGCAGAGCGCGAGTTAGGGCTACGGACGTCAGCGGCCATGTCGTGCATGGCGTTGCGTCGGGGCCACCCGCGACAGTGAGCGCAGGTTTGCACCGTCCATATGATGGGCAGAGCGTGCCAGCGCGGCTCGAGCGCATCGCGGCCGGCCCCTCACACTGGCCTACCCGGGGGTGGGGGAGGGGCCTGTGAAAGGGTTATTGAGGGCTGGCGTAGAGTCGGCGTTGGCGTGATGGGATGACTTCGCGC
1-136422d,LinJ.01,97.816,412,461,278267,0,1,43,454,205581,205983,0.0,702,plus,CACACACACACACGCACACACCTCCGTGCGTGGGGGGGGGGGTACCTCAGGCTGCAGGGCGCCCACCCACCC---------CCCCCCACTCCTCCCTCCGCCGTCCCGGCCCATGCCAGAACCACCTGTGGTGGCGACCAGGGCCGAGCATCTGTGACGTCAGGGAGTGCCCCGGCAGAGCGCGAGTTAGGGCTACGGACGTCAGCGGCCATGTCGTGCATGGCGTTGCGTCGGGGCCACCCGCGACAGTGAGCGCAGGTTTGCACCGTCCATATGATGGGCAGAGCGTGTCAGCGCGGCTCGAGCGCATCGCGGCCGGCCCCTCACACTGGCCTACCCGGGGGTGGGGGAGGGGCCTGTGGAAGGGTTATTGAGGGCTGGCGTAGAGTCGGCGTTGGCGTGATGGGATGAC
1-136422d,LinJ.01,97.338,263,461,278267,2,2,8,270,114017,113760,5.48e-125,442,minus,GGGGTGAGGCGGCGGCGCACAGACACACACACACACACACACAC----GCACACACCTCCGTGCGTGGGGGGGGGG-TACCTCAGGCTGCAGGGCGCCCACCCACCCACCCACCCACCCCCCACTCCTCCCTCCGCCGTCCCGGCCCATGCCAGAACCACCTGTGGTGGCGACCAGGGCCGAGCATCTGTGACGTCAGGGAGTGCCCCGGCAGAGCGCGAGTTAGGGCTACGGACGTCAGCGGCCATGTCGTGCATGGCGCTG
1-136422d,LinJ.01,86.207,174,461,278267,21,3,222,392,24281,24454,1.02e-47,185,plus,GCGCGACGTAGCGCCACGGATGCCGGCGGCCATGTCGTGCATGGCGCTGCGTCCGAGCCACCCGCGACAGTGAGCACAGGCTTGCACGGTCCATGCGATGGGCGGAGCGTGTCAGCGCGGCTCGAGCGTGTCGCAGCCGGCCCCTCACACTGGCCCACGGCGAGGGGTGCGGGG
1-136422d,LinJ.01,86.207,174,461,278267,21,3,222,392,35750,35577,1.02e-47,185,minus,GCGCGACGTAGCGCCACGGATGCCGGCGGCCATGTCGTGCATGGCGCTGCGTCCGAGCCACCCGCGACAGTGAGCACAGGCTTGCACGGTCCATGCGATGGGCGGAGCGTGTCAGCGCGGCTCGAGCGTGTCGCAGCCGGCCCCTCACACTGGCCCACGGCGAGGGGTGCGGGG
1-136422d,LinJ.01,86.207,174,461,278267,21,3,222,392,55362,55189,1.02e-47,185,minus,GCGCGACGTAGCGCCACGGATGCCGGCGGCCATGTCGTGCATGGCGCTGCGTCCGAGCCACCCGCGACAGTGAGCACAGGCTTGCACGGTCCATGCGATGGGCGGAGCGTGTCAGCGCGGCTCGAGCGTGTCGCAGCCGGCCCCTCACACTGGCCCACGGCGAGGGGTGCGGGG
1-136422d,LinJ.01,86.207,174,461,278267,21,3,222,392,76078,76251,1.02e-47,185,plus,GCGCGACGTAGCGCCACGGATGCCGGCGGCCATGTCGTGCATGGCGCTGCGTCCGAGCCACCCGCGACAGTGAGCACAGGCTTGCACGGTCCATGCGATGGGCGGAGCGTGTCAGCGCGGCTCGAGCGTGTCGCAGCCGGCCCCTCACACTGGCCCACGGCGAGGGGTGCGGGG
1-136422d,LinJ.01,96.296,27,461,278267,1,0,2,28,205558,205584,1.81e-05,45.4,plus,GATGACGGGGTGGGGCGGCGGCGCACA
1-136422d,LinJ.01,100.000,16,461,278267,0,0,10,25,220899,220884,0.51,30.7,minus,GGTGGGGCGGCGGCGC
1-136422d,LinJ.01,100.000,15,461,278267,0,0,269,283,218165,218151,1.8,28.8,minus,TGCGTCGGGGCCACC
1-204526d,LinJ.01,100.000,432,432,278267,0,0,1,432,205558,205989,0.0,798,plus,GATGACGGGGTGGGGCGGCGGCGCACACACACACACGCACACACCTCCGTGCGTGGGGGGGGGGGTACCTCAGGCTGCAGGGCGCCCACCCACCCCCCCCCACTCCTCCCTCCGCCGTCCCGGCCCATGCCAGAACCACCTGTGGTGGCGACCAGGGCCGAGCATCTGTGACGTCAGGGAGTGCCCCGGCAGAGCGCGAGTTAGGGCTACGGACGTCAGCGGCCATGTCGTGCATGGCGTTGCGTCGGGGCCACCCGCGACAGTGAGCGCAGGTTTGCACCGTCCATATGATGGGCAGAGCGTGTCAGCGCGGCTCGAGCGCATCGCGGCCGGCCCCTCACACTGGCCTACCCGGGGGTGGGGGAGGGGCCTGTGGAAGGGTTATTGAGGGCTGGCGTAGAGTCGGCGTTGGCGTGATGGGATGACTTCGCG
1-204526d,LinJ.01,98.068,414,432,278267,2,2,24,432,130544,130132,0.0,715,minus,CACACACACACACGCACACACCTCCGTGCGTGGGGGGGGGG-TACCTCAGGCTGCAGGGCGCCCACCCACCCACCCACCCCCCACTCCTCCCTCCGCCGTCCCGGCCCATGCCAGAACCACCTGTGGTGGCGACCAGGGCCGAGCATCTGTGACGTCAGGGAGTGCCCCGGCAGAGCGCGAGTTAGGGCTACGGACGTCAGCGGCCATGTCGTGCATGGCGTTGCGTCGGGGCCACCCGCGACAGTGAGCGCAGGTTTGCACCGTCCATATGATGGGCAGAGCGTGCCAGCGCGGCTCGAGCGCATCGCGGCCGGCCCCTCACACTGGCCTACCCGGGGGTGGGGGAGGGGCCTGTGAAAGGGTTATTGAGGGCTGGCGTAGAGTCGGCGTTGGCGTGATGGGATGACTTCGCG
1-204526d,LinJ.01,97.816,412,432,278267,0,1,24,426,137500,137911,0.0,702,plus,CACACACACACACGCACACACCTCCGTGCGTGGGGGGGGGGGTACCTCAGGCTGCAGGGCGCCCACCCACCCACCCACCCACCCCCCACTCCTCCCTCCGCCGTCCCGGCCCATGCCAGAACCACCTGTGGTGGCGACCAGGGCCGAGCATCTGTGACGTCAGGGAGTGCCCCGGCAGAGCGCGAGTTAGGGCTACGGACGTCAGCGGCCATGTCGTGCATGGCGTTGCGTCGGGGCCACCCGCGACAGTGAGCGCAGGTTTGCACCGTCCATATGATGGGCAGAGCGTGTCAGCGCGGCTCGAGCGCATCGCGGCCGGCCCCTCACACTGGCCTACCCGGGGGTGGGGGAGGGGCCTGTGGAAGGGTTATTGAGGGCTGGCGTAGAGTCGGCGTTGGCGTGATGGGATGAC
1-204526d,LinJ.01,95.175,228,432,278267,1,2,24,242,113986,113760,8.87e-98,351,minus,CACACACACACACGCACACACCTCCGTGCGTGGGGGGGGGG-TACCTCAGGCTGCAGGGCGCCCACCCACCCACCCACCCACCCCCCACTCCTCCCTCCGCCGTCCCGGCCCATGCCAGAACCACCTGTGGTGGCGACCAGGGCCGAGCATCTGTGACGTCAGGGAGTGCCCCGGCAGAGCGCGAGTTAGGGCTACGGACGTCAGCGGCCATGTCGTGCATGGCGCTG
1-204526d,LinJ.01,86.207,174,432,278267,21,3,194,364,24281,24454,9.52e-48,185,plus,GCGCGACGTAGCGCCACGGATGCCGGCGGCCATGTCGTGCATGGCGCTGCGTCCGAGCCACCCGCGACAGTGAGCACAGGCTTGCACGGTCCATGCGATGGGCGGAGCGTGTCAGCGCGGCTCGAGCGTGTCGCAGCCGGCCCCTCACACTGGCCCACGGCGAGGGGTGCGGGG
1-204526d,LinJ.01,86.207,174,432,278267,21,3,194,364,35750,35577,9.52e-48,185,minus,GCGCGACGTAGCGCCACGGATGCCGGCGGCCATGTCGTGCATGGCGCTGCGTCCGAGCCACCCGCGACAGTGAGCACAGGCTTGCACGGTCCATGCGATGGGCGGAGCGTGTCAGCGCGGCTCGAGCGTGTCGCAGCCGGCCCCTCACACTGGCCCACGGCGAGGGGTGCGGGG
1-204526d,LinJ.01,86.207,174,432,278267,21,3,194,364,55362,55189,9.52e-48,185,minus,GCGCGACGTAGCGCCACGGATGCCGGCGGCCATGTCGTGCATGGCGCTGCGTCCGAGCCACCCGCGACAGTGAGCACAGGCTTGCACGGTCCATGCGATGGGCGGAGCGTGTCAGCGCGGCTCGAGCGTGTCGCAGCCGGCCCCTCACACTGGCCCACGGCGAGGGGTGCGGGG
1-204526d,LinJ.01,86.207,174,432,278267,21,3,194,364,76078,76251,9.52e-48,185,plus,GCGCGACGTAGCGCCACGGATGCCGGCGGCCATGTCGTGCATGGCGCTGCGTCCGAGCCACCCGCGACAGTGAGCACAGGCTTGCACGGTCCATGCGATGGGCGGAGCGTGTCAGCGCGGCTCGAGCGTGTCGCAGCCGGCCCCTCACACTGGCCCACGGCGAGGGGTGCGGGG
1-204526d,LinJ.01,96.296,27,432,278267,1,0,1,27,137459,137485,1.69e-05,45.4,plus,GACGACGGGGTGGGGCGGCGGCGCACA
1-204526d,LinJ.01,100.000,16,432,278267,0,0,9,24,220899,220884,0.47,30.7,minus,GGTGGGGCGGCGGCGC
1-204526d,LinJ.01,90.909,22,432,278267,1,1,96,117,212162,212182,1.7,28.8,plus,CCCCTC-CTCCTCCCTCCGCCG
1-204526d,LinJ.01,100.000,15,432,278267,0,0,241,255,218165,218151,1.7,28.8,minus,TGCGTCGGGGCCACC
