src_c28.10,,,,,,
src_c28.20,,,,,,
src_c28.30,,,,,,
src_c28.40A,src_c28.60A,src_c28.90A,src_c28.100A,src_c28.110A,src_c28.120A,src_c28.130A
src_c28.50,,,,,,
src_c28.70,,,,,,
src_c28.80,,,,,,
src_c28.140B,src_c28.150B,,,,,
src_c28.160,,,,,,
src_c28.170,,,,,,
src_c28.180C,src_c28.190C,,,,,
src_c28.200D,src_c28.220D,src_c28.250D,src_c28.270D,src_c28.320D,,
src_c28.210,,,,,,
src_c28.230,,,,,,
src_c28.240,,,,,,
src_c28.260,,,,,,
src_c28.280E,src_c28.290E,,,,,
src_c28.300F,src_c28.310F,,,,,
src_c28.330G,src_c28.340G,src_c28.350G,src_c28.360G,,,
src_c28.370,,,,,,
src_c28.380H,src_c28.410H,src_c28.510H,,,,
src_c28.390I,src_c28.400I,src_c28.420I,src_c28.430I,src_c28.440I,src_c28.460I,src_c28.470I
src_c28.450,,,,,,
src_c28.480J,src_c28.490J,src_c28.500J,src_c28.520J,src_c28.530J,,
src_c28.540K,src_c28.560K,src_c28.570K,,,,
src_c28.550,,,,,,
