Seq_0_LinJ.01|rejected_noCDS_c01.10,,,,,,,,,,,,,
Seq_1_LinJ.01|rejected_noCDS_c01.20,,,,,,,,,,,,,
Seq_2_LinJ.01|rejected_noCDS_c01.30,,,,,,,,,,,,,
Seq_3_LinJ.01|rejected_noCDS_c01.40,,,,,,,,,,,,,
Seq_4_LinJ.01|rejected_noCDS_c01.50,,,,,,,,,,,,,
Seq_5_LinJ.01|rejected_noCDS_c01.60A,Seq_265_LinJ.22|rejected_noCDS_c22.2660A,Seq_266_LinJ.22|rejected_noCDS_c22.2670A,,,,,,,,,,,
Seq_6_LinJ.02|rejected_noCDS_c02.70,,,,,,,,,,,,,
Seq_7_LinJ.02|rejected_noCDS_c02.80,,,,,,,,,,,,,
Seq_8_LinJ.02|rejected_noCDS_c02.90B,Seq_12_LinJ.02|rejected_noCDS_c02.130B,Seq_15_LinJ.02|rejected_noCDS_c02.160B,,,,,,,,,,,
Seq_9_LinJ.02|rejected_noCDS_c02.100,,,,,,,,,,,,,
Seq_10_LinJ.02|rejected_noCDS_c02.110,,,,,,,,,,,,,
Seq_11_LinJ.02|rejected_noCDS_c02.120,,,,,,,,,,,,,
Seq_13_LinJ.02|rejected_noCDS_c02.140,,,,,,,,,,,,,
Seq_14_LinJ.02|rejected_noCDS_c02.150,,,,,,,,,,,,,
Seq_16_LinJ.02|rejected_noCDS_c02.170,,,,,,,,,,,,,
Seq_17_LinJ.03|rejected_noCDS_c03.180,,,,,,,,,,,,,
Seq_18_LinJ.03|rejected_noCDS_c03.190,,,,,,,,,,,,,
Seq_19_LinJ.04|rejected_noCDS_c04.200C,Seq_642_LinJ.35|rejected_noCDS_c35.6410C,,,,,,,,,,,,
Seq_20_LinJ.04|rejected_noCDS_c04.210D,Seq_21_LinJ.04|rejected_noCDS_c04.220D,Seq_24_LinJ.04|rejected_noCDS_c04.250D,,,,,,,,,,,
Seq_22_LinJ.04|rejected_noCDS_c04.230,,,,,,,,,,,,,
Seq_23_LinJ.04|rejected_noCDS_c04.240,,,,,,,,,,,,,
Seq_25_LinJ.04|rejected_noCDS_c04.260,,,,,,,,,,,,,
Seq_26_LinJ.04|rejected_noCDS_c04.270,,,,,,,,,,,,,
Seq_27_LinJ.04|rejected_noCDS_c04.280,,,,,,,,,,,,,
Seq_28_LinJ.05|rejected_noCDS_c05.290,,,,,,,,,,,,,
Seq_29_LinJ.05|rejected_noCDS_c05.300,,,,,,,,,,,,,
Seq_30_LinJ.05|rejected_noCDS_c05.310E,Seq_32_LinJ.05|rejected_noCDS_c05.330E,,,,,,,,,,,,
Seq_31_LinJ.05|rejected_noCDS_c05.320,,,,,,,,,,,,,
Seq_33_LinJ.05|rejected_noCDS_c05.340,,,,,,,,,,,,,
Seq_34_LinJ.05|rejected_noCDS_c05.350F,Seq_35_LinJ.05|rejected_noCDS_c05.360F,,,,,,,,,,,,
Seq_36_LinJ.05|rejected_noCDS_c05.370,,,,,,,,,,,,,
Seq_37_LinJ.05|rejected_noCDS_c05.380G,Seq_191_LinJ.17|rejected_noCDS_c17.1920G,,,,,,,,,,,,
Seq_38_LinJ.06|rejected_noCDS_c06.390,,,,,,,,,,,,,
Seq_39_LinJ.06|rejected_noCDS_c06.400,,,,,,,,,,,,,
Seq_40_LinJ.06|rejected_noCDS_c06.410,,,,,,,,,,,,,
Seq_41_LinJ.06|rejected_noCDS_c06.420,,,,,,,,,,,,,
Seq_42_LinJ.06|rejected_noCDS_c06.430,,,,,,,,,,,,,
Seq_43_LinJ.07|rejected_noCDS_c07.440,,,,,,,,,,,,,
Seq_44_LinJ.07|rejected_noCDS_c07.450,,,,,,,,,,,,,
Seq_45_LinJ.07|rejected_noCDS_c07.460H,Seq_47_LinJ.07|rejected_noCDS_c07.480H,Seq_48_LinJ.07|rejected_noCDS_c07.490H,,,,,,,,,,,
Seq_46_LinJ.07|rejected_noCDS_c07.470I,Seq_49_LinJ.07|rejected_noCDS_c07.500I,,,,,,,,,,,,
Seq_50_LinJ.07|rejected_noCDS_c07.510,,,,,,,,,,,,,
Seq_51_LinJ.07|rejected_noCDS_c07.520,,,,,,,,,,,,,
Seq_52_LinJ.07|rejected_noCDS_c07.530,,,,,,,,,,,,,
Seq_53_LinJ.07|rejected_noCDS_c07.540,,,,,,,,,,,,,
Seq_54_LinJ.07|rejected_noCDS_c07.550,,,,,,,,,,,,,
Seq_55_LinJ.08|rejected_noCDS_c08.560,,,,,,,,,,,,,
Seq_56_LinJ.08|rejected_noCDS_c08.570,,,,,,,,,,,,,
Seq_57_LinJ.08|rejected_noCDS_c08.580,,,,,,,,,,,,,
Seq_58_LinJ.08|rejected_noCDS_c08.590,,,,,,,,,,,,,
Seq_59_LinJ.08|rejected_noCDS_c08.600J,Seq_62_LinJ.08|rejected_noCDS_c08.630J,Seq_65_LinJ.08|rejected_noCDS_c08.660J,Seq_67_LinJ.08|rejected_noCDS_c08.680J,,,,,,,,,,
Seq_595_LinJ.34|rejected_noCDS_c34.5940K,Seq_601_LinJ.34|rejected_noCDS_c34.6000K,Seq_607_LinJ.34|rejected_noCDS_c34.6060K,Seq_60_LinJ.08|rejected_noCDS_c08.610K,Seq_612_LinJ.34|rejected_noCDS_c34.6110K,Seq_615_LinJ.34|rejected_noCDS_c34.6140K,Seq_61_LinJ.08|rejected_noCDS_c08.620K,Seq_620_LinJ.34|rejected_noCDS_c34.6190K,Seq_63_LinJ.08|rejected_noCDS_c08.640K,Seq_64_LinJ.08|rejected_noCDS_c08.650K,Seq_66_LinJ.08|rejected_noCDS_c08.670K,Seq_68_LinJ.08|rejected_noCDS_c08.690K,Seq_69_LinJ.08|rejected_noCDS_c08.700K,
Seq_70_LinJ.08|rejected_noCDS_c08.710,,,,,,,,,,,,,
Seq_71_LinJ.08|rejected_noCDS_c08.720,,,,,,,,,,,,,
Seq_72_LinJ.08|rejected_noCDS_c08.730L,Seq_75_LinJ.08|rejected_noCDS_c08.760L,Seq_80_LinJ.08|rejected_noCDS_c08.810L,Seq_84_LinJ.08|rejected_noCDS_c08.850L,Seq_87_LinJ.08|rejected_noCDS_c08.880L,,,,,,,,,
Seq_73_LinJ.08|rejected_noCDS_c08.740M,Seq_78_LinJ.08|rejected_noCDS_c08.790M,Seq_82_LinJ.08|rejected_noCDS_c08.830M,Seq_85_LinJ.08|rejected_noCDS_c08.860M,,,,,,,,,,
Seq_74_LinJ.08|rejected_noCDS_c08.750N,Seq_79_LinJ.08|rejected_noCDS_c08.800N,Seq_83_LinJ.08|rejected_noCDS_c08.840N,Seq_86_LinJ.08|rejected_noCDS_c08.870N,,,,,,,,,,
Seq_76_LinJ.08|rejected_noCDS_c08.770O,Seq_81_LinJ.08|rejected_noCDS_c08.820O,,,,,,,,,,,,
Seq_77_LinJ.08|rejected_noCDS_c08.780,,,,,,,,,,,,,
Seq_88_LinJ.08|rejected_noCDS_c08.890,,,,,,,,,,,,,
Seq_89_LinJ.08|rejected_noCDS_c08.900,,,,,,,,,,,,,
Seq_90_LinJ.08|rejected_noCDS_c08.910,,,,,,,,,,,,,
Seq_91_LinJ.08|rejected_noCDS_c08.920P,Seq_104_LinJ.10|rejected_noCDS_c10.1050P,Seq_485_LinJ.32|rejected_noCDS_c32.4850P,,,,,,,,,,,
Seq_92_LinJ.09|rejected_noCDS_c09.930,,,,,,,,,,,,,
Seq_93_LinJ.09|rejected_noCDS_c09.940Q,Seq_94_LinJ.09|rejected_noCDS_c09.950Q,Seq_95_LinJ.09|rejected_noCDS_c09.960Q,,,,,,,,,,,
Seq_96_LinJ.09|rejected_noCDS_c09.970,,,,,,,,,,,,,
Seq_97_LinJ.09|rejected_noCDS_c09.980R,Seq_99_LinJ.09|rejected_noCDS_c09.1000R,,,,,,,,,,,,
Seq_98_LinJ.09|rejected_noCDS_c09.990S,Seq_100_LinJ.09|rejected_noCDS_c09.1010S,,,,,,,,,,,,
Seq_101_LinJ.09|rejected_noCDS_c09.1020,,,,,,,,,,,,,
Seq_102_LinJ.09|rejected_noCDS_c09.1030,,,,,,,,,,,,,
Seq_103_LinJ.09|rejected_noCDS_c09.1040,,,,,,,,,,,,,
Seq_105_LinJ.10|rejected_noCDS_c10.1060,,,,,,,,,,,,,
Seq_106_LinJ.10|rejected_noCDS_c10.1070,,,,,,,,,,,,,
Seq_107_LinJ.10|rejected_noCDS_c10.1080,,,,,,,,,,,,,
Seq_108_LinJ.10|rejected_noCDS_c10.1090,,,,,,,,,,,,,
Seq_109_LinJ.10|rejected_noCDS_c10.1100,,,,,,,,,,,,,
Seq_110_LinJ.10|rejected_noCDS_c10.1110,,,,,,,,,,,,,
Seq_111_LinJ.10|rejected_noCDS_c10.1120,,,,,,,,,,,,,
Seq_112_LinJ.10|rejected_noCDS_c10.1130,,,,,,,,,,,,,
Seq_113_LinJ.11|rejected_noCDS_c11.1140,,,,,,,,,,,,,
Seq_114_LinJ.11|rejected_noCDS_c11.1150,,,,,,,,,,,,,
Seq_115_LinJ.11|rejected_noCDS_c11.1160,,,,,,,,,,,,,
Seq_116_LinJ.12|rejected_noCDS_c12.1170,,,,,,,,,,,,,
Seq_117_LinJ.12|rejected_noCDS_c12.1180,,,,,,,,,,,,,
Seq_118_LinJ.12|rejected_noCDS_c12.1190,,,,,,,,,,,,,
Seq_119_LinJ.12|rejected_noCDS_c12.1200T,Seq_121_LinJ.12|rejected_noCDS_c12.1220T,,,,,,,,,,,,
Seq_120_LinJ.12|rejected_noCDS_c12.1210U,Seq_122_LinJ.12|rejected_noCDS_c12.1230U,,,,,,,,,,,,
Seq_123_LinJ.12|rejected_noCDS_c12.1240,,,,,,,,,,,,,
Seq_124_LinJ.12|rejected_noCDS_c12.1250V,Seq_126_LinJ.12|rejected_noCDS_c12.1270V,Seq_127_LinJ.12|rejected_noCDS_c12.1280V,Seq_128_LinJ.12|rejected_noCDS_c12.1290V,Seq_130_LinJ.12|rejected_noCDS_c12.1310V,Seq_131_LinJ.12|rejected_noCDS_c12.1320V,,,,,,,,
Seq_125_LinJ.12|rejected_noCDS_c12.1260,,,,,,,,,,,,,
Seq_129_LinJ.12|rejected_noCDS_c12.1300,,,,,,,,,,,,,
Seq_132_LinJ.12|rejected_noCDS_c12.1330,,,,,,,,,,,,,
Seq_133_LinJ.12|rejected_noCDS_c12.1340,,,,,,,,,,,,,
Seq_134_LinJ.12|rejected_noCDS_c12.1350,,,,,,,,,,,,,
Seq_135_LinJ.12|rejected_noCDS_c12.1360W,Seq_140_LinJ.12|rejected_noCDS_c12.1410W,,,,,,,,,,,,
Seq_136_LinJ.12|rejected_noCDS_c12.1370X,Seq_138_LinJ.12|rejected_noCDS_c12.1390X,Seq_141_LinJ.12|rejected_noCDS_c12.1420X,,,,,,,,,,,
Seq_137_LinJ.12|rejected_noCDS_c12.1380,,,,,,,,,,,,,
Seq_139_LinJ.12|rejected_noCDS_c12.1400,,,,,,,,,,,,,
Seq_142_LinJ.13|rejected_noCDS_c13.1430,,,,,,,,,,,,,
Seq_143_LinJ.13|rejected_noCDS_c13.1440,,,,,,,,,,,,,
Seq_144_LinJ.13|rejected_noCDS_c13.1450,,,,,,,,,,,,,
Seq_145_LinJ.13|rejected_noCDS_c13.1460,,,,,,,,,,,,,
Seq_146_LinJ.13|rejected_noCDS_c13.1470,,,,,,,,,,,,,
Seq_147_LinJ.14|rejected_noCDS_c14.1480,,,,,,,,,,,,,
Seq_148_LinJ.14|rejected_noCDS_c14.1490,,,,,,,,,,,,,
Seq_149_LinJ.14|rejected_noCDS_c14.1500Y,Seq_150_LinJ.14|rejected_noCDS_c14.1510Y,Seq_151_LinJ.14|rejected_noCDS_c14.1520Y,Seq_152_LinJ.14|rejected_noCDS_c14.1530Y,Seq_153_LinJ.14|rejected_noCDS_c14.1540Y,Seq_155_LinJ.14|rejected_noCDS_c14.1560Y,,,,,,,,
Seq_154_LinJ.14|rejected_noCDS_c14.1550,,,,,,,,,,,,,
Seq_156_LinJ.14|rejected_noCDS_c14.1570,,,,,,,,,,,,,
Seq_157_LinJ.14|rejected_noCDS_c14.1580,,,,,,,,,,,,,
Seq_158_LinJ.14|rejected_noCDS_c14.1590,,,,,,,,,,,,,
Seq_159_LinJ.14|rejected_noCDS_c14.1600,,,,,,,,,,,,,
Seq_160_LinJ.14|rejected_noCDS_c14.1610Z,Seq_426_LinJ.31|rejected_noCDS_c31.4260Z,,,,,,,,,,,,
Seq_161_LinJ.15|rejected_noCDS_c15.1620,,,,,,,,,,,,,
Seq_162_LinJ.15|rejected_noCDS_c15.1630,,,,,,,,,,,,,
Seq_163_LinJ.15|rejected_noCDS_c15.1640,,,,,,,,,,,,,
Seq_164_LinJ.15|rejected_noCDS_c15.1650,,,,,,,,,,,,,
Seq_165_LinJ.15|rejected_noCDS_c15.1660AA,Seq_167_LinJ.15|rejected_noCDS_c15.1680AA,,,,,,,,,,,,
Seq_166_LinJ.15|rejected_noCDS_c15.1670,,,,,,,,,,,,,
Seq_168_LinJ.15|rejected_noCDS_c15.1690,,,,,,,,,,,,,
Seq_169_LinJ.15|rejected_noCDS_c15.1700,,,,,,,,,,,,,
Seq_170_LinJ.15|rejected_noCDS_c15.1710,,,,,,,,,,,,,
Seq_171_LinJ.15|rejected_noCDS_c15.1720,,,,,,,,,,,,,
Seq_172_LinJ.15|rejected_noCDS_c15.1730,,,,,,,,,,,,,
Seq_173_LinJ.15|rejected_noCDS_c15.1740,,,,,,,,,,,,,
Seq_174_LinJ.15|rejected_noCDS_c15.1750,,,,,,,,,,,,,
Seq_175_LinJ.16|rejected_noCDS_c16.1760,,,,,,,,,,,,,
Seq_176_LinJ.16|rejected_noCDS_c16.1770,,,,,,,,,,,,,
Seq_177_LinJ.16|rejected_noCDS_c16.1780,,,,,,,,,,,,,
Seq_178_LinJ.16|rejected_noCDS_c16.1790,,,,,,,,,,,,,
Seq_179_LinJ.16|rejected_noCDS_c16.1800,,,,,,,,,,,,,
Seq_180_LinJ.16|rejected_noCDS_c16.1810,,,,,,,,,,,,,
Seq_181_LinJ.16|rejected_noCDS_c16.1820,,,,,,,,,,,,,
Seq_182_LinJ.16|rejected_noCDS_c16.1830AB,Seq_183_LinJ.16|rejected_noCDS_c16.1840AB,,,,,,,,,,,,
Seq_184_LinJ.16|rejected_noCDS_c16.1850,,,,,,,,,,,,,
Seq_185_LinJ.16|rejected_noCDS_c16.1860,,,,,,,,,,,,,
Seq_186_LinJ.16|rejected_noCDS_c16.1870,,,,,,,,,,,,,
Seq_187_LinJ.16|rejected_noCDS_c16.1880,,,,,,,,,,,,,
Seq_188_LinJ.16|rejected_noCDS_c16.1890,,,,,,,,,,,,,
Seq_189_LinJ.17|rejected_noCDS_c17.1900AC,Seq_203_LinJ.17|rejected_noCDS_c17.2040AC,Seq_256_LinJ.21|rejected_noCDS_c21.2570AC,Seq_359_LinJ.28|rejected_noCDS_c28.3590AC,,,,,,,,,,
Seq_190_LinJ.17|rejected_noCDS_c17.1910,,,,,,,,,,,,,
Seq_192_LinJ.17|rejected_noCDS_c17.1930,,,,,,,,,,,,,
Seq_193_LinJ.17|rejected_noCDS_c17.1940,,,,,,,,,,,,,
Seq_194_LinJ.17|rejected_noCDS_c17.1950,,,,,,,,,,,,,
Seq_195_LinJ.17|rejected_noCDS_c17.1960,,,,,,,,,,,,,
Seq_196_LinJ.17|rejected_noCDS_c17.1970,,,,,,,,,,,,,
Seq_197_LinJ.17|rejected_noCDS_c17.1980,,,,,,,,,,,,,
Seq_198_LinJ.17|rejected_noCDS_c17.1990,,,,,,,,,,,,,
Seq_199_LinJ.17|rejected_noCDS_c17.2000,,,,,,,,,,,,,
Seq_200_LinJ.17|rejected_noCDS_c17.2010AD,Seq_201_LinJ.17|rejected_noCDS_c17.2020AD,,,,,,,,,,,,
Seq_202_LinJ.17|rejected_noCDS_c17.2030,,,,,,,,,,,,,
Seq_204_LinJ.18|rejected_noCDS_c18.2050,,,,,,,,,,,,,
Seq_205_LinJ.18|rejected_noCDS_c18.2060,,,,,,,,,,,,,
Seq_206_LinJ.18|rejected_noCDS_c18.2070,,,,,,,,,,,,,
Seq_207_LinJ.18|rejected_noCDS_c18.2080,,,,,,,,,,,,,
Seq_208_LinJ.18|rejected_noCDS_c18.2090,,,,,,,,,,,,,
Seq_209_LinJ.18|rejected_noCDS_c18.2100,,,,,,,,,,,,,
Seq_210_LinJ.18|rejected_noCDS_c18.2110,,,,,,,,,,,,,
Seq_211_LinJ.18|rejected_noCDS_c18.2120,,,,,,,,,,,,,
Seq_212_LinJ.18|rejected_noCDS_c18.2130,,,,,,,,,,,,,
Seq_213_LinJ.19|rejected_noCDS_c19.2140,,,,,,,,,,,,,
Seq_214_LinJ.19|rejected_noCDS_c19.2150AE,Seq_216_LinJ.19|rejected_noCDS_c19.2170AE,,,,,,,,,,,,
Seq_215_LinJ.19|rejected_noCDS_c19.2160AF,Seq_217_LinJ.19|rejected_noCDS_c19.2180AF,,,,,,,,,,,,
Seq_218_LinJ.19|rejected_noCDS_c19.2190,,,,,,,,,,,,,
Seq_219_LinJ.19|rejected_noCDS_c19.2200,,,,,,,,,,,,,
Seq_220_LinJ.19|rejected_noCDS_c19.2210AG,Seq_221_LinJ.19|rejected_noCDS_c19.2220AG,,,,,,,,,,,,
Seq_222_LinJ.19|rejected_noCDS_c19.2230,,,,,,,,,,,,,
Seq_223_LinJ.19|rejected_noCDS_c19.2240,,,,,,,,,,,,,
Seq_224_LinJ.19|rejected_noCDS_c19.2250,,,,,,,,,,,,,
Seq_225_LinJ.19|rejected_noCDS_c19.2260AH,Seq_227_LinJ.19|rejected_noCDS_c19.2280AH,Seq_228_LinJ.19|rejected_noCDS_c19.2290AH,,,,,,,,,,,
Seq_226_LinJ.19|rejected_noCDS_c19.2270,,,,,,,,,,,,,
Seq_229_LinJ.19|rejected_noCDS_c19.2300AI,Seq_230_LinJ.19|rejected_noCDS_c19.2310AI,,,,,,,,,,,,
Seq_231_LinJ.19|rejected_noCDS_c19.2320,,,,,,,,,,,,,
Seq_232_LinJ.20|rejected_noCDS_c20.2330,,,,,,,,,,,,,
Seq_233_LinJ.20|rejected_noCDS_c20.2340,,,,,,,,,,,,,
Seq_234_LinJ.20|rejected_noCDS_c20.2350,,,,,,,,,,,,,
Seq_235_LinJ.20|rejected_noCDS_c20.2360,,,,,,,,,,,,,
Seq_236_LinJ.20|rejected_noCDS_c20.2370,,,,,,,,,,,,,
Seq_237_LinJ.20|rejected_noCDS_c20.2380,,,,,,,,,,,,,
Seq_238_LinJ.20|rejected_noCDS_c20.2390,,,,,,,,,,,,,
Seq_239_LinJ.20|rejected_noCDS_c20.2400,,,,,,,,,,,,,
Seq_240_LinJ.20|rejected_noCDS_c20.2410,,,,,,,,,,,,,
Seq_241_LinJ.20|rejected_noCDS_c20.2420,,,,,,,,,,,,,
Seq_242_LinJ.21|rejected_noCDS_c21.2430,,,,,,,,,,,,,
Seq_243_LinJ.21|rejected_noCDS_c21.2440,,,,,,,,,,,,,
Seq_244_LinJ.21|rejected_noCDS_c21.2450,,,,,,,,,,,,,
Seq_245_LinJ.21|rejected_noCDS_c21.2460,,,,,,,,,,,,,
Seq_246_LinJ.21|rejected_noCDS_c21.2470,,,,,,,,,,,,,
Seq_247_LinJ.21|rejected_noCDS_c21.2480,,,,,,,,,,,,,
Seq_248_LinJ.21|rejected_noCDS_c21.2490,,,,,,,,,,,,,
Seq_249_LinJ.21|rejected_noCDS_c21.2500,,,,,,,,,,,,,
Seq_250_LinJ.21|rejected_noCDS_c21.2510,,,,,,,,,,,,,
Seq_251_LinJ.21|rejected_noCDS_c21.2520,,,,,,,,,,,,,
Seq_252_LinJ.21|rejected_noCDS_c21.2530,,,,,,,,,,,,,
Seq_253_LinJ.21|rejected_noCDS_c21.2540,,,,,,,,,,,,,
Seq_254_LinJ.21|rejected_noCDS_c21.2550,,,,,,,,,,,,,
Seq_255_LinJ.21|rejected_noCDS_c21.2560,,,,,,,,,,,,,
Seq_257_LinJ.22|rejected_noCDS_c22.2580,,,,,,,,,,,,,
Seq_258_LinJ.22|rejected_noCDS_c22.2590,,,,,,,,,,,,,
Seq_259_LinJ.22|rejected_noCDS_c22.2600,,,,,,,,,,,,,
Seq_260_LinJ.22|rejected_noCDS_c22.2610,,,,,,,,,,,,,
Seq_261_LinJ.22|rejected_noCDS_c22.2620,,,,,,,,,,,,,
Seq_262_LinJ.22|rejected_noCDS_c22.2630,,,,,,,,,,,,,
Seq_263_LinJ.22|rejected_noCDS_c22.2640,,,,,,,,,,,,,
Seq_264_LinJ.22|rejected_noCDS_c22.2650,,,,,,,,,,,,,
Seq_267_LinJ.22|rejected_noCDS_c22.2680,,,,,,,,,,,,,
Seq_268_LinJ.23|rejected_noCDS_c23.2690,,,,,,,,,,,,,
Seq_269_LinJ.23|rejected_noCDS_c23.2700,,,,,,,,,,,,,
Seq_270_LinJ.23|rejected_noCDS_c23.2710AJ,Seq_271_LinJ.23|rejected_noCDS_c23.2720AJ,Seq_272_LinJ.23|rejected_noCDS_c23.2730AJ,,,,,,,,,,,
Seq_273_LinJ.23|rejected_noCDS_c23.2740,,,,,,,,,,,,,
Seq_274_LinJ.23|rejected_noCDS_c23.2750AK,Seq_275_LinJ.23|rejected_noCDS_c23.2760AK,,,,,,,,,,,,
Seq_276_LinJ.23|rejected_noCDS_c23.2770,,,,,,,,,,,,,
Seq_277_LinJ.23|rejected_noCDS_c23.2780AL,Seq_278_LinJ.23|rejected_noCDS_c23.2790AL,,,,,,,,,,,,
Seq_279_LinJ.23|rejected_noCDS_c23.2800,,,,,,,,,,,,,
Seq_280_LinJ.23|rejected_noCDS_c23.2810,,,,,,,,,,,,,
Seq_281_LinJ.23|rejected_noCDS_c23.2820,,,,,,,,,,,,,
Seq_282_LinJ.23|rejected_noCDS_c23.2830,,,,,,,,,,,,,
Seq_283_LinJ.23|rejected_noCDS_c23.2840,,,,,,,,,,,,,
Seq_284_LinJ.24|rejected_noCDS_c24.2850AM,Seq_290_LinJ.24|rejected_noCDS_c24.2910AM,Seq_292_LinJ.24|rejected_noCDS_c24.2930AM,,,,,,,,,,,
Seq_285_LinJ.24|rejected_noCDS_c24.2860,,,,,,,,,,,,,
Seq_286_LinJ.24|rejected_noCDS_c24.2870,,,,,,,,,,,,,
Seq_287_LinJ.24|rejected_noCDS_c24.2880,,,,,,,,,,,,,
Seq_288_LinJ.24|rejected_noCDS_c24.2890,,,,,,,,,,,,,
Seq_289_LinJ.24|rejected_noCDS_c24.2900,,,,,,,,,,,,,
Seq_291_LinJ.24|rejected_noCDS_c24.2920,,,,,,,,,,,,,
Seq_293_LinJ.24|rejected_noCDS_c24.2940,,,,,,,,,,,,,
Seq_294_LinJ.24|rejected_noCDS_c24.2950,,,,,,,,,,,,,
Seq_295_LinJ.24|rejected_noCDS_c24.2960,,,,,,,,,,,,,
Seq_296_LinJ.24|rejected_noCDS_c24.2970,,,,,,,,,,,,,
Seq_297_LinJ.24|rejected_noCDS_c24.2980,,,,,,,,,,,,,
Seq_298_LinJ.25|rejected_noCDS_c25.2990AN,Seq_531_LinJ.33|rejected_noCDS_c33.5310AN,Seq_532_LinJ.33|rejected_noCDS_c33.5320AN,,,,,,,,,,,
Seq_299_LinJ.25|rejected_noCDS_c25.3000AO,Seq_301_LinJ.25|rejected_noCDS_c25.3020AO,Seq_303_LinJ.25|rejected_noCDS_c25.3040AO,,,,,,,,,,,
Seq_300_LinJ.25|rejected_noCDS_c25.3010AP,Seq_304_LinJ.25|rejected_noCDS_c25.3050AP,,,,,,,,,,,,
Seq_302_LinJ.25|rejected_noCDS_c25.3030AQ,Seq_305_LinJ.25|rejected_noCDS_c25.3060AQ,,,,,,,,,,,,
Seq_306_LinJ.25|rejected_noCDS_c25.3070,,,,,,,,,,,,,
Seq_307_LinJ.25|rejected_noCDS_c25.3080,,,,,,,,,,,,,
Seq_308_LinJ.25|rejected_noCDS_c25.3090,,,,,,,,,,,,,
Seq_309_LinJ.25|rejected_noCDS_c25.3100,,,,,,,,,,,,,
Seq_310_LinJ.25|rejected_noCDS_c25.3110,,,,,,,,,,,,,
Seq_311_LinJ.25|rejected_noCDS_c25.3120,,,,,,,,,,,,,
Seq_312_LinJ.25|rejected_noCDS_c25.3130,,,,,,,,,,,,,
Seq_313_LinJ.25|rejected_noCDS_c25.3140,,,,,,,,,,,,,
Seq_314_LinJ.26|rejected_noCDS_c26.3150,,,,,,,,,,,,,
Seq_315_LinJ.26|rejected_noCDS_c26.3160,,,,,,,,,,,,,
Seq_316_LinJ.26|rejected_noCDS_c26.3170,,,,,,,,,,,,,
Seq_317_LinJ.26|rejected_noCDS_c26.3180,,,,,,,,,,,,,
Seq_318_LinJ.26|rejected_noCDS_c26.3190,,,,,,,,,,,,,
Seq_319_LinJ.26|rejected_noCDS_c26.3200,,,,,,,,,,,,,
Seq_320_LinJ.26|rejected_noCDS_c26.3210AR,Seq_327_LinJ.26|rejected_noCDS_c26.3280AR,,,,,,,,,,,,
Seq_321_LinJ.26|rejected_noCDS_c26.3220,,,,,,,,,,,,,
Seq_322_LinJ.26|rejected_noCDS_c26.3230AS,Seq_324_LinJ.26|rejected_noCDS_c26.3250AS,Seq_325_LinJ.26|rejected_noCDS_c26.3260AS,,,,,,,,,,,
Seq_323_LinJ.26|rejected_noCDS_c26.3240,,,,,,,,,,,,,
Seq_326_LinJ.26|rejected_noCDS_c26.3270,,,,,,,,,,,,,
Seq_328_LinJ.26|rejected_noCDS_c26.3290,,,,,,,,,,,,,
Seq_329_LinJ.26|rejected_noCDS_c26.3300,,,,,,,,,,,,,
Seq_330_LinJ.26|rejected_noCDS_c26.3310,,,,,,,,,,,,,
Seq_331_LinJ.26|rejected_noCDS_c26.3320AT,Seq_332_LinJ.26|rejected_noCDS_c26.3330AT,,,,,,,,,,,,
Seq_333_LinJ.26|rejected_noCDS_c26.3340,,,,,,,,,,,,,
Seq_334_LinJ.26|rejected_noCDS_c26.3350,,,,,,,,,,,,,
Seq_336_LinJ.27|rejected_noCDS_c27.3360,,,,,,,,,,,,,
Seq_337_LinJ.27|rejected_noCDS_c27.3370AU,Seq_338_LinJ.27|rejected_noCDS_c27.3380AU,Seq_339_LinJ.27|rejected_noCDS_c27.3390AU,Seq_340_LinJ.27|rejected_noCDS_c27.3400AU,Seq_341_LinJ.27|rejected_noCDS_c27.3410AU,Seq_342_LinJ.27|rejected_noCDS_c27.3420AU,Seq_344_LinJ.27|rejected_noCDS_c27.3440AU,,,,,,,
Seq_343_LinJ.27|rejected_noCDS_c27.3430,,,,,,,,,,,,,
Seq_345_LinJ.27|rejected_noCDS_c27.3450AV,Seq_346_LinJ.27|rejected_noCDS_c27.3460AV,,,,,,,,,,,,
Seq_347_LinJ.27|rejected_noCDS_c27.3470,,,,,,,,,,,,,
Seq_348_LinJ.27|rejected_noCDS_c27.3480,,,,,,,,,,,,,
Seq_349_LinJ.27|rejected_noCDS_c27.3490,,,,,,,,,,,,,
Seq_350_LinJ.27|rejected_noCDS_c27.3500,,,,,,,,,,,,,
Seq_351_LinJ.27|rejected_noCDS_c27.3510,,,,,,,,,,,,,
Seq_352_LinJ.27|rejected_noCDS_c27.3520,,,,,,,,,,,,,
Seq_353_LinJ.28|rejected_noCDS_c28.3530,,,,,,,,,,,,,
Seq_354_LinJ.28|rejected_noCDS_c28.3540,,,,,,,,,,,,,
Seq_355_LinJ.28|rejected_noCDS_c28.3550,,,,,,,,,,,,,
Seq_356_LinJ.28|rejected_noCDS_c28.3560,,,,,,,,,,,,,
Seq_357_LinJ.28|rejected_noCDS_c28.3570,,,,,,,,,,,,,
Seq_358_LinJ.28|rejected_noCDS_c28.3580,,,,,,,,,,,,,
Seq_360_LinJ.29|rejected_noCDS_c29.3600,,,,,,,,,,,,,
Seq_361_LinJ.29|rejected_noCDS_c29.3610,,,,,,,,,,,,,
Seq_362_LinJ.29|rejected_noCDS_c29.3620AW,Seq_364_LinJ.29|rejected_noCDS_c29.3640AW,,,,,,,,,,,,
Seq_363_LinJ.29|rejected_noCDS_c29.3630AX,Seq_365_LinJ.29|rejected_noCDS_c29.3650AX,,,,,,,,,,,,
Seq_366_LinJ.29|rejected_noCDS_c29.3660AY,Seq_368_LinJ.29|rejected_noCDS_c29.3680AY,,,,,,,,,,,,
Seq_367_LinJ.29|rejected_noCDS_c29.3670,,,,,,,,,,,,,
Seq_369_LinJ.29|rejected_noCDS_c29.3690AZ,Seq_384_LinJ.29|rejected_noCDS_c29.3840AZ,,,,,,,,,,,,
Seq_370_LinJ.29|rejected_noCDS_c29.3700,,,,,,,,,,,,,
Seq_371_LinJ.29|rejected_noCDS_c29.3710BA,Seq_374_LinJ.29|rejected_noCDS_c29.3740BA,Seq_379_LinJ.29|rejected_noCDS_c29.3790BA,Seq_382_LinJ.29|rejected_noCDS_c29.3820BA,,,,,,,,,,
Seq_372_LinJ.29|rejected_noCDS_c29.3720BB,Seq_377_LinJ.29|rejected_noCDS_c29.3770BB,Seq_380_LinJ.29|rejected_noCDS_c29.3800BB,Seq_383_LinJ.29|rejected_noCDS_c29.3830BB,,,,,,,,,,
Seq_373_LinJ.29|rejected_noCDS_c29.3730BC,Seq_378_LinJ.29|rejected_noCDS_c29.3780BC,Seq_381_LinJ.29|rejected_noCDS_c29.3810BC,,,,,,,,,,,
Seq_375_LinJ.29|rejected_noCDS_c29.3750,,,,,,,,,,,,,
Seq_376_LinJ.29|rejected_noCDS_c29.3760,,,,,,,,,,,,,
Seq_385_LinJ.29|rejected_noCDS_c29.3850,,,,,,,,,,,,,
Seq_386_LinJ.29|rejected_noCDS_c29.3860,,,,,,,,,,,,,
Seq_387_LinJ.29|rejected_noCDS_c29.3870BD,Seq_388_LinJ.29|rejected_noCDS_c29.3880BD,,,,,,,,,,,,
Seq_389_LinJ.29|rejected_noCDS_c29.3890,,,,,,,,,,,,,
Seq_390_LinJ.29|rejected_noCDS_c29.3900,,,,,,,,,,,,,
Seq_391_LinJ.29|rejected_noCDS_c29.3910,,,,,,,,,,,,,
Seq_392_LinJ.29|rejected_noCDS_c29.3920,,,,,,,,,,,,,
Seq_393_LinJ.29|rejected_noCDS_c29.3930,,,,,,,,,,,,,
Seq_394_LinJ.29|rejected_noCDS_c29.3940,,,,,,,,,,,,,
Seq_395_LinJ.29|rejected_noCDS_c29.3950,,,,,,,,,,,,,
Seq_396_LinJ.29|rejected_noCDS_c29.3960,,,,,,,,,,,,,
Seq_397_LinJ.29|rejected_noCDS_c29.3970,,,,,,,,,,,,,
Seq_398_LinJ.29|rejected_noCDS_c29.3980BE,Seq_400_LinJ.29|rejected_noCDS_c29.4000BE,,,,,,,,,,,,
Seq_399_LinJ.29|rejected_noCDS_c29.3990,,,,,,,,,,,,,
Seq_401_LinJ.30|rejected_noCDS_c30.4010,,,,,,,,,,,,,
Seq_402_LinJ.30|rejected_noCDS_c30.4020BF,Seq_517_LinJ.33|rejected_noCDS_c33.5170BF,,,,,,,,,,,,
Seq_403_LinJ.30|rejected_noCDS_c30.4030,,,,,,,,,,,,,
Seq_404_LinJ.30|rejected_noCDS_c30.4040,,,,,,,,,,,,,
Seq_405_LinJ.30|rejected_noCDS_c30.4050BG,Seq_406_LinJ.30|rejected_noCDS_c30.4060BG,,,,,,,,,,,,
Seq_407_LinJ.30|rejected_noCDS_c30.4070,,,,,,,,,,,,,
Seq_408_LinJ.30|rejected_noCDS_c30.4080BH,Seq_410_LinJ.30|rejected_noCDS_c30.4100BH,Seq_411_LinJ.30|rejected_noCDS_c30.4110BH,Seq_412_LinJ.30|rejected_noCDS_c30.4120BH,,,,,,,,,,
Seq_409_LinJ.30|rejected_noCDS_c30.4090,,,,,,,,,,,,,
Seq_413_LinJ.30|rejected_noCDS_c30.4130,,,,,,,,,,,,,
Seq_414_LinJ.30|rejected_noCDS_c30.4140,,,,,,,,,,,,,
Seq_415_LinJ.30|rejected_noCDS_c30.4150,,,,,,,,,,,,,
Seq_416_LinJ.30|rejected_noCDS_c30.4160,,,,,,,,,,,,,
Seq_417_LinJ.30|rejected_noCDS_c30.4170,,,,,,,,,,,,,
Seq_418_LinJ.30|rejected_noCDS_c30.4180,,,,,,,,,,,,,
Seq_419_LinJ.30|rejected_noCDS_c30.4190,,,,,,,,,,,,,
Seq_420_LinJ.30|rejected_noCDS_c30.4200,,,,,,,,,,,,,
Seq_421_LinJ.30|rejected_noCDS_c30.4210,,,,,,,,,,,,,
Seq_422_LinJ.30|rejected_noCDS_c30.4220,,,,,,,,,,,,,
Seq_423_LinJ.30|rejected_noCDS_c30.4230,,,,,,,,,,,,,
Seq_424_LinJ.30|rejected_noCDS_c30.4240,,,,,,,,,,,,,
Seq_425_LinJ.30|rejected_noCDS_c30.4250,,,,,,,,,,,,,
Seq_427_LinJ.31|rejected_noCDS_c31.4270BI,Seq_428_LinJ.31|rejected_noCDS_c31.4280BI,,,,,,,,,,,,
Seq_429_LinJ.31|rejected_noCDS_c31.4290,,,,,,,,,,,,,
Seq_430_LinJ.31|rejected_noCDS_c31.4300,,,,,,,,,,,,,
Seq_431_LinJ.31|rejected_noCDS_c31.4310,,,,,,,,,,,,,
Seq_432_LinJ.31|rejected_noCDS_c31.4320,,,,,,,,,,,,,
Seq_433_LinJ.31|rejected_noCDS_c31.4330,,,,,,,,,,,,,
Seq_434_LinJ.31|rejected_noCDS_c31.4340,,,,,,,,,,,,,
Seq_435_LinJ.31|rejected_noCDS_c31.4350,,,,,,,,,,,,,
Seq_436_LinJ.31|rejected_noCDS_c31.4360,,,,,,,,,,,,,
Seq_437_LinJ.31|rejected_noCDS_c31.4370,,,,,,,,,,,,,
Seq_438_LinJ.31|rejected_noCDS_c31.4380,,,,,,,,,,,,,
Seq_439_LinJ.31|rejected_noCDS_c31.4390,,,,,,,,,,,,,
Seq_440_LinJ.31|rejected_noCDS_c31.4400BJ,Seq_441_LinJ.31|rejected_noCDS_c31.4410BJ,Seq_443_LinJ.31|rejected_noCDS_c31.4430BJ,Seq_445_LinJ.31|rejected_noCDS_c31.4450BJ,Seq_448_LinJ.31|rejected_noCDS_c31.4480BJ,Seq_451_LinJ.31|rejected_noCDS_c31.4510BJ,,,,,,,,
Seq_442_LinJ.31|rejected_noCDS_c31.4420,,,,,,,,,,,,,
Seq_444_LinJ.31|rejected_noCDS_c31.4440,,,,,,,,,,,,,
Seq_446_LinJ.31|rejected_noCDS_c31.4460BK,Seq_450_LinJ.31|rejected_noCDS_c31.4500BK,,,,,,,,,,,,
Seq_447_LinJ.31|rejected_noCDS_c31.4470BL,Seq_449_LinJ.31|rejected_noCDS_c31.4490BL,,,,,,,,,,,,
Seq_452_LinJ.31|rejected_noCDS_c31.4520,,,,,,,,,,,,,
Seq_453_LinJ.31|rejected_noCDS_c31.4530,,,,,,,,,,,,,
Seq_454_LinJ.31|rejected_noCDS_c31.4540,,,,,,,,,,,,,
Seq_455_LinJ.31|rejected_noCDS_c31.4550,,,,,,,,,,,,,
Seq_456_LinJ.31|rejected_noCDS_c31.4560,,,,,,,,,,,,,
Seq_457_LinJ.31|rejected_noCDS_c31.4570BM,Seq_460_LinJ.31|rejected_noCDS_c31.4600BM,,,,,,,,,,,,
Seq_458_LinJ.31|rejected_noCDS_c31.4580,,,,,,,,,,,,,
Seq_459_LinJ.31|rejected_noCDS_c31.4590,,,,,,,,,,,,,
Seq_461_LinJ.31|rejected_noCDS_c31.4610,,,,,,,,,,,,,
Seq_462_LinJ.31|rejected_noCDS_c31.4620BN,Seq_463_LinJ.31|rejected_noCDS_c31.4630BN,Seq_464_LinJ.31|rejected_noCDS_c31.4640BN,Seq_465_LinJ.31|rejected_noCDS_c31.4650BN,,,,,,,,,,
Seq_466_LinJ.31|rejected_noCDS_c31.4660,,,,,,,,,,,,,
Seq_467_LinJ.31|rejected_noCDS_c31.4670BO,Seq_468_LinJ.31|rejected_noCDS_c31.4680BO,,,,,,,,,,,,
Seq_469_LinJ.31|rejected_noCDS_c31.4690BP,Seq_474_LinJ.31|rejected_noCDS_c31.4740BP,,,,,,,,,,,,
Seq_470_LinJ.31|rejected_noCDS_c31.4700BQ,Seq_471_LinJ.31|rejected_noCDS_c31.4710BQ,Seq_473_LinJ.31|rejected_noCDS_c31.4730BQ,,,,,,,,,,,
Seq_472_LinJ.31|rejected_noCDS_c31.4720,,,,,,,,,,,,,
Seq_475_LinJ.31|rejected_noCDS_c31.4750,,,,,,,,,,,,,
Seq_476_LinJ.31|rejected_noCDS_c31.4760,,,,,,,,,,,,,
Seq_477_LinJ.31|rejected_noCDS_c31.4770,,,,,,,,,,,,,
Seq_478_LinJ.31|rejected_noCDS_c31.4780,,,,,,,,,,,,,
Seq_479_LinJ.31|rejected_noCDS_c31.4790,,,,,,,,,,,,,
Seq_480_LinJ.31|rejected_noCDS_c31.4800,,,,,,,,,,,,,
Seq_481_LinJ.31|rejected_noCDS_c31.4810,,,,,,,,,,,,,
Seq_482_LinJ.31|rejected_noCDS_c31.4820,,,,,,,,,,,,,
Seq_483_LinJ.31|rejected_noCDS_c31.4830,,,,,,,,,,,,,
Seq_484_LinJ.31|rejected_noCDS_c31.4840,,,,,,,,,,,,,
Seq_486_LinJ.32|rejected_noCDS_c32.4860,,,,,,,,,,,,,
Seq_487_LinJ.32|rejected_noCDS_c32.4870,,,,,,,,,,,,,
Seq_488_LinJ.32|rejected_noCDS_c32.4880BR,Seq_490_LinJ.32|rejected_noCDS_c32.4900BR,Seq_492_LinJ.32|rejected_noCDS_c32.4920BR,,,,,,,,,,,
Seq_489_LinJ.32|rejected_noCDS_c32.4890BS,Seq_491_LinJ.32|rejected_noCDS_c32.4910BS,Seq_493_LinJ.32|rejected_noCDS_c32.4930BS,,,,,,,,,,,
Seq_494_LinJ.32|rejected_noCDS_c32.4940BT,Seq_495_LinJ.32|rejected_noCDS_c32.4950BT,,,,,,,,,,,,
Seq_496_LinJ.32|rejected_noCDS_c32.4960,,,,,,,,,,,,,
Seq_497_LinJ.32|rejected_noCDS_c32.4970,,,,,,,,,,,,,
Seq_498_LinJ.32|rejected_noCDS_c32.4980,,,,,,,,,,,,,
Seq_499_LinJ.32|rejected_noCDS_c32.4990BU,Seq_500_LinJ.32|rejected_noCDS_c32.5000BU,,,,,,,,,,,,
Seq_501_LinJ.32|rejected_noCDS_c32.5010,,,,,,,,,,,,,
Seq_502_LinJ.32|rejected_noCDS_c32.5020,,,,,,,,,,,,,
Seq_503_LinJ.32|rejected_noCDS_c32.5030,,,,,,,,,,,,,
Seq_504_LinJ.32|rejected_noCDS_c32.5040,,,,,,,,,,,,,
Seq_505_LinJ.32|rejected_noCDS_c32.5050,,,,,,,,,,,,,
Seq_506_LinJ.33|rejected_noCDS_c33.5060,,,,,,,,,,,,,
Seq_507_LinJ.33|rejected_noCDS_c33.5070,,,,,,,,,,,,,
Seq_508_LinJ.33|rejected_noCDS_c33.5080,,,,,,,,,,,,,
Seq_509_LinJ.33|rejected_noCDS_c33.5090,,,,,,,,,,,,,
Seq_510_LinJ.33|rejected_noCDS_c33.5100,,,,,,,,,,,,,
Seq_511_LinJ.33|rejected_noCDS_c33.5110,,,,,,,,,,,,,
Seq_512_LinJ.33|rejected_noCDS_c33.5120,,,,,,,,,,,,,
Seq_513_LinJ.33|rejected_noCDS_c33.5130,,,,,,,,,,,,,
Seq_514_LinJ.33|rejected_noCDS_c33.5140,,,,,,,,,,,,,
Seq_515_LinJ.33|rejected_noCDS_c33.5150,,,,,,,,,,,,,
Seq_516_LinJ.33|rejected_noCDS_c33.5160,,,,,,,,,,,,,
Seq_518_LinJ.33|rejected_noCDS_c33.5180,,,,,,,,,,,,,
Seq_519_LinJ.33|rejected_noCDS_c33.5190,,,,,,,,,,,,,
Seq_520_LinJ.33|rejected_noCDS_c33.5200BV,Seq_521_LinJ.33|rejected_noCDS_c33.5210BV,Seq_523_LinJ.33|rejected_noCDS_c33.5230BV,Seq_525_LinJ.33|rejected_noCDS_c33.5250BV,,,,,,,,,,
Seq_522_LinJ.33|rejected_noCDS_c33.5220BW,Seq_524_LinJ.33|rejected_noCDS_c33.5240BW,,,,,,,,,,,,
Seq_526_LinJ.33|rejected_noCDS_c33.5260,,,,,,,,,,,,,
Seq_527_LinJ.33|rejected_noCDS_c33.5270,,,,,,,,,,,,,
Seq_528_LinJ.33|rejected_noCDS_c33.5280,,,,,,,,,,,,,
Seq_529_LinJ.33|rejected_noCDS_c33.5290,,,,,,,,,,,,,
Seq_530_LinJ.33|rejected_noCDS_c33.5300,,,,,,,,,,,,,
Seq_534_LinJ.34|rejected_noCDS_c34.5330,,,,,,,,,,,,,
Seq_535_LinJ.34|rejected_noCDS_c34.5340,,,,,,,,,,,,,
Seq_536_LinJ.34|rejected_noCDS_c34.5350,,,,,,,,,,,,,
Seq_538_LinJ.34|rejected_noCDS_c34.5370BX,Seq_539_LinJ.34|rejected_noCDS_c34.5380BX,Seq_540_LinJ.34|rejected_noCDS_c34.5390BX,Seq_541_LinJ.34|rejected_noCDS_c34.5400BX,Seq_542_LinJ.34|rejected_noCDS_c34.5410BX,Seq_550_LinJ.34|rejected_noCDS_c34.5490BX,,,,,,,,
Seq_546_LinJ.34|rejected_noCDS_c34.5450,,,,,,,,,,,,,
Seq_547_LinJ.34|rejected_noCDS_c34.5460,,,,,,,,,,,,,
Seq_537_LinJ.34|rejected_noCDS_c34.5360BY,Seq_543_LinJ.34|rejected_noCDS_c34.5420BY,Seq_544_LinJ.34|rejected_noCDS_c34.5430BY,Seq_548_LinJ.34|rejected_noCDS_c34.5470BY,,,,,,,,,,
Seq_549_LinJ.34|rejected_noCDS_c34.5480,,,,,,,,,,,,,
Seq_545_LinJ.34|rejected_noCDS_c34.5440BZ,Seq_551_LinJ.34|rejected_noCDS_c34.5500BZ,Seq_552_LinJ.34|rejected_noCDS_c34.5510BZ,Seq_554_LinJ.34|rejected_noCDS_c34.5530BZ,Seq_555_LinJ.34|rejected_noCDS_c34.5540BZ,Seq_557_LinJ.34|rejected_noCDS_c34.5560BZ,Seq_558_LinJ.34|rejected_noCDS_c34.5570BZ,Seq_560_LinJ.34|rejected_noCDS_c34.5590BZ,Seq_562_LinJ.34|rejected_noCDS_c34.5610BZ,Seq_566_LinJ.34|rejected_noCDS_c34.5650BZ,Seq_571_LinJ.34|rejected_noCDS_c34.5700BZ,Seq_572_LinJ.34|rejected_noCDS_c34.5710BZ,Seq_573_LinJ.34|rejected_noCDS_c34.5720BZ,Seq_574_LinJ.34|rejected_noCDS_c34.5730BZ
Seq_553_LinJ.34|rejected_noCDS_c34.5520CA,Seq_556_LinJ.34|rejected_noCDS_c34.5550CA,Seq_559_LinJ.34|rejected_noCDS_c34.5580CA,Seq_561_LinJ.34|rejected_noCDS_c34.5600CA,Seq_563_LinJ.34|rejected_noCDS_c34.5620CA,Seq_564_LinJ.34|rejected_noCDS_c34.5630CA,Seq_565_LinJ.34|rejected_noCDS_c34.5640CA,Seq_567_LinJ.34|rejected_noCDS_c34.5660CA,Seq_569_LinJ.34|rejected_noCDS_c34.5680CA,Seq_570_LinJ.34|rejected_noCDS_c34.5690CA,,,,
Seq_568_LinJ.34|rejected_noCDS_c34.5670,,,,,,,,,,,,,
Seq_575_LinJ.34|rejected_noCDS_c34.5740CB,Seq_577_LinJ.34|rejected_noCDS_c34.5760CB,Seq_580_LinJ.34|rejected_noCDS_c34.5790CB,,,,,,,,,,,
Seq_576_LinJ.34|rejected_noCDS_c34.5750CC,Seq_578_LinJ.34|rejected_noCDS_c34.5770CC,Seq_581_LinJ.34|rejected_noCDS_c34.5800CC,,,,,,,,,,,
Seq_579_LinJ.34|rejected_noCDS_c34.5780,,,,,,,,,,,,,
Seq_582_LinJ.34|rejected_noCDS_c34.5810,,,,,,,,,,,,,
Seq_583_LinJ.34|rejected_noCDS_c34.5820,,,,,,,,,,,,,
Seq_584_LinJ.34|rejected_noCDS_c34.5830,,,,,,,,,,,,,
Seq_585_LinJ.34|rejected_noCDS_c34.5840,,,,,,,,,,,,,
Seq_586_LinJ.34|rejected_noCDS_c34.5850CD,Seq_659_LinJ.35|rejected_noCDS_c35.6580CD,,,,,,,,,,,,
Seq_587_LinJ.34|rejected_noCDS_c34.5860,,,,,,,,,,,,,
Seq_588_LinJ.34|rejected_noCDS_c34.5870CE,Seq_591_LinJ.34|rejected_noCDS_c34.5900CE,Seq_597_LinJ.34|rejected_noCDS_c34.5960CE,Seq_603_LinJ.34|rejected_noCDS_c34.6020CE,Seq_608_LinJ.34|rejected_noCDS_c34.6070CE,Seq_617_LinJ.34|rejected_noCDS_c34.6160CE,,,,,,,,
Seq_589_LinJ.34|rejected_noCDS_c34.5880CF,Seq_592_LinJ.34|rejected_noCDS_c34.5910CF,Seq_598_LinJ.34|rejected_noCDS_c34.5970CF,Seq_604_LinJ.34|rejected_noCDS_c34.6030CF,Seq_609_LinJ.34|rejected_noCDS_c34.6080CF,Seq_613_LinJ.34|rejected_noCDS_c34.6120CF,Seq_618_LinJ.34|rejected_noCDS_c34.6170CF,,,,,,,
Seq_590_LinJ.34|rejected_noCDS_c34.5890CG,Seq_593_LinJ.34|rejected_noCDS_c34.5920CG,Seq_599_LinJ.34|rejected_noCDS_c34.5980CG,Seq_605_LinJ.34|rejected_noCDS_c34.6040CG,Seq_610_LinJ.34|rejected_noCDS_c34.6090CG,Seq_614_LinJ.34|rejected_noCDS_c34.6130CG,Seq_619_LinJ.34|rejected_noCDS_c34.6180CG,,,,,,,
Seq_594_LinJ.34|rejected_noCDS_c34.5930CH,Seq_600_LinJ.34|rejected_noCDS_c34.5990CH,Seq_606_LinJ.34|rejected_noCDS_c34.6050CH,Seq_611_LinJ.34|rejected_noCDS_c34.6100CH,,,,,,,,,,
Seq_596_LinJ.34|rejected_noCDS_c34.5950CI,Seq_602_LinJ.34|rejected_noCDS_c34.6010CI,,,,,,,,,,,,
Seq_616_LinJ.34|rejected_noCDS_c34.6150,,,,,,,,,,,,,
Seq_621_LinJ.34|rejected_noCDS_c34.6200,,,,,,,,,,,,,
Seq_622_LinJ.34|rejected_noCDS_c34.6210,,,,,,,,,,,,,
Seq_623_LinJ.34|rejected_noCDS_c34.6220CJ,Seq_624_LinJ.34|rejected_noCDS_c34.6230CJ,Seq_627_LinJ.34|rejected_noCDS_c34.6260CJ,Seq_628_LinJ.34|rejected_noCDS_c34.6270CJ,Seq_631_LinJ.34|rejected_noCDS_c34.6300CJ,Seq_632_LinJ.34|rejected_noCDS_c34.6310CJ,Seq_633_LinJ.34|rejected_noCDS_c34.6320CJ,,,,,,,
Seq_625_LinJ.34|rejected_noCDS_c34.6240CK,Seq_629_LinJ.34|rejected_noCDS_c34.6280CK,,,,,,,,,,,,
Seq_626_LinJ.34|rejected_noCDS_c34.6250CL,Seq_630_LinJ.34|rejected_noCDS_c34.6290CL,,,,,,,,,,,,
Seq_634_LinJ.34|rejected_noCDS_c34.6330CM,Seq_635_LinJ.34|rejected_noCDS_c34.6340CM,,,,,,,,,,,,
Seq_636_LinJ.34|rejected_noCDS_c34.6350,,,,,,,,,,,,,
Seq_637_LinJ.34|rejected_noCDS_c34.6360,,,,,,,,,,,,,
Seq_638_LinJ.34|rejected_noCDS_c34.6370,,,,,,,,,,,,,
Seq_639_LinJ.34|rejected_noCDS_c34.6380,,,,,,,,,,,,,
Seq_640_LinJ.35|rejected_noCDS_c35.6390,,,,,,,,,,,,,
Seq_641_LinJ.35|rejected_noCDS_c35.6400,,,,,,,,,,,,,
Seq_643_LinJ.35|rejected_noCDS_c35.6420,,,,,,,,,,,,,
Seq_644_LinJ.35|rejected_noCDS_c35.6430CN,Seq_651_LinJ.35|rejected_noCDS_c35.6500CN,,,,,,,,,,,,
Seq_645_LinJ.35|rejected_noCDS_c35.6440CO,Seq_650_LinJ.35|rejected_noCDS_c35.6490CO,,,,,,,,,,,,
Seq_646_LinJ.35|rejected_noCDS_c35.6450CP,Seq_648_LinJ.35|rejected_noCDS_c35.6470CP,,,,,,,,,,,,
Seq_647_LinJ.35|rejected_noCDS_c35.6460,,,,,,,,,,,,,
Seq_649_LinJ.35|rejected_noCDS_c35.6480,,,,,,,,,,,,,
Seq_652_LinJ.35|rejected_noCDS_c35.6510,,,,,,,,,,,,,
Seq_653_LinJ.35|rejected_noCDS_c35.6520,,,,,,,,,,,,,
Seq_654_LinJ.35|rejected_noCDS_c35.6530,,,,,,,,,,,,,
Seq_655_LinJ.35|rejected_noCDS_c35.6540,,,,,,,,,,,,,
Seq_656_LinJ.35|rejected_noCDS_c35.6550,,,,,,,,,,,,,
Seq_657_LinJ.35|rejected_noCDS_c35.6560CQ,Seq_664_LinJ.35|rejected_noCDS_c35.6630CQ,,,,,,,,,,,,
Seq_658_LinJ.35|rejected_noCDS_c35.6570,,,,,,,,,,,,,
Seq_660_LinJ.35|rejected_noCDS_c35.6590CR,Seq_663_LinJ.35|rejected_noCDS_c35.6620CR,,,,,,,,,,,,
Seq_661_LinJ.35|rejected_noCDS_c35.6600CS,Seq_665_LinJ.35|rejected_noCDS_c35.6640CS,,,,,,,,,,,,
Seq_662_LinJ.35|rejected_noCDS_c35.6610,,,,,,,,,,,,,
Seq_666_LinJ.35|rejected_noCDS_c35.6650,,,,,,,,,,,,,
Seq_667_LinJ.35|rejected_noCDS_c35.6660,,,,,,,,,,,,,
Seq_668_LinJ.35|rejected_noCDS_c35.6670,,,,,,,,,,,,,
Seq_669_LinJ.35|rejected_noCDS_c35.6680,,,,,,,,,,,,,
Seq_670_LinJ.35|rejected_noCDS_c35.6690,,,,,,,,,,,,,
Seq_671_LinJ.35|rejected_noCDS_c35.6700,,,,,,,,,,,,,
Seq_672_LinJ.35|rejected_noCDS_c35.6710CT,Seq_673_LinJ.35|rejected_noCDS_c35.6720CT,,,,,,,,,,,,
Seq_674_LinJ.36|rejected_noCDS_c36.6730CU,Seq_675_LinJ.36|rejected_noCDS_c36.6740CU,,,,,,,,,,,,
Seq_676_LinJ.36|rejected_noCDS_c36.6750CV,Seq_677_LinJ.36|rejected_noCDS_c36.6760CV,Seq_679_LinJ.36|rejected_noCDS_c36.6780CV,Seq_684_LinJ.36|rejected_noCDS_c36.6830CV,,,,,,,,,,
Seq_678_LinJ.36|rejected_noCDS_c36.6770,,,,,,,,,,,,,
Seq_680_LinJ.36|rejected_noCDS_c36.6790CW,Seq_682_LinJ.36|rejected_noCDS_c36.6810CW,Seq_683_LinJ.36|rejected_noCDS_c36.6820CW,,,,,,,,,,,
Seq_681_LinJ.36|rejected_noCDS_c36.6800,,,,,,,,,,,,,
Seq_685_LinJ.36|rejected_noCDS_c36.6840,,,,,,,,,,,,,
Seq_686_LinJ.36|rejected_noCDS_c36.6850,,,,,,,,,,,,,
Seq_687_LinJ.36|rejected_noCDS_c36.6860,,,,,,,,,,,,,
Seq_688_LinJ.36|rejected_noCDS_c36.6870,,,,,,,,,,,,,
Seq_689_LinJ.36|rejected_noCDS_c36.6880,,,,,,,,,,,,,
Seq_690_LinJ.36|rejected_noCDS_c36.6890,,,,,,,,,,,,,
Seq_691_LinJ.36|rejected_noCDS_c36.6900,,,,,,,,,,,,,
Seq_692_LinJ.36|rejected_noCDS_c36.6910,,,,,,,,,,,,,
Seq_693_LinJ.36|rejected_noCDS_c36.6920,,,,,,,,,,,,,
Seq_694_LinJ.36|rejected_noCDS_c36.6930CX,Seq_696_LinJ.36|rejected_noCDS_c36.6950CX,,,,,,,,,,,,
Seq_695_LinJ.36|rejected_noCDS_c36.6940CY,Seq_697_LinJ.36|rejected_noCDS_c36.6960CY,Seq_699_LinJ.36|rejected_noCDS_c36.6980CY,Seq_701_LinJ.36|rejected_noCDS_c36.7000CY,,,,,,,,,,
Seq_698_LinJ.36|rejected_noCDS_c36.6970,,,,,,,,,,,,,
Seq_700_LinJ.36|rejected_noCDS_c36.6990,,,,,,,,,,,,,
Seq_702_LinJ.36|rejected_noCDS_c36.7010,,,,,,,,,,,,,
Seq_703_LinJ.36|rejected_noCDS_c36.7020,,,,,,,,,,,,,
Seq_704_LinJ.36|rejected_noCDS_c36.7030,,,,,,,,,,,,,
Seq_705_LinJ.36|rejected_noCDS_c36.7040,,,,,,,,,,,,,
Seq_706_LinJ.36|rejected_noCDS_c36.7050CZ,Seq_707_LinJ.36|rejected_noCDS_c36.7060CZ,Seq_708_LinJ.36|rejected_noCDS_c36.7070CZ,Seq_709_LinJ.36|rejected_noCDS_c36.7080CZ,Seq_710_LinJ.36|rejected_noCDS_c36.7090CZ,Seq_711_LinJ.36|rejected_noCDS_c36.7100CZ,Seq_712_LinJ.36|rejected_noCDS_c36.7110CZ,Seq_713_LinJ.36|rejected_noCDS_c36.7120CZ,,,,,,
Seq_714_LinJ.36|rejected_noCDS_c36.7130,,,,,,,,,,,,,
Seq_715_LinJ.36|rejected_noCDS_c36.7140DA,Seq_718_LinJ.36|rejected_noCDS_c36.7170DA,,,,,,,,,,,,
Seq_716_LinJ.36|rejected_noCDS_c36.7150DB,Seq_721_LinJ.36|rejected_noCDS_c36.7200DB,Seq_722_LinJ.36|rejected_noCDS_c36.7210DB,,,,,,,,,,,
Seq_717_LinJ.36|rejected_noCDS_c36.7160DC,Seq_720_LinJ.36|rejected_noCDS_c36.7190DC,,,,,,,,,,,,
Seq_719_LinJ.36|rejected_noCDS_c36.7180,,,,,,,,,,,,,
